date,1. open,2. high,3. low,4. close,5. volume
2021-03-19 20:00:00,131.26,131.26,131.26,131.26,643.0
2021-03-19 19:30:00,131.4999,131.4999,131.26,131.26,1295.0
2021-03-19 19:00:00,131.6,131.6,131.26,131.26,3000.0
2021-03-19 18:45:00,131.5,131.66,131.5,131.6,3000.0
2021-03-19 18:15:00,131.66,131.67,131.66,131.67,485.0
2021-03-19 18:00:00,131.66,131.66,131.66,131.66,200.0
2021-03-19 17:45:00,131.79,132.0,131.79,131.98,20245.0
2021-03-19 17:30:00,131.68,131.68,131.6,131.66,3628.0
2021-03-19 17:15:00,131.39,131.6,131.39,131.6,1579.0
2021-03-19 17:00:00,131.35,131.35,131.25,131.35,5799.0
2021-03-19 16:45:00,131.37,131.5,131.02,131.35,46108.0
2021-03-19 16:30:00,131.21,131.22,131.07,131.22,4131.0
2021-03-19 16:15:00,131.02,131.58,130.7,131.02,746150.0
2021-03-19 16:00:00,130.97,131.23,130.6,131.11,1236671.0
2021-03-19 15:45:00,130.48,130.99,130.335,130.99,311676.0
2021-03-19 15:30:00,130.43,130.65,130.21,130.47,289623.0
2021-03-19 15:15:00,131.38,131.44,130.44,130.44,197613.0
2021-03-19 15:00:00,131.39,131.46,131.19,131.41,143091.0
2021-03-19 14:45:00,131.45,131.48,131.1958,131.37,111107.0
2021-03-19 14:30:00,131.525,131.525,131.03,131.44,167382.0
2021-03-19 14:15:00,131.56,131.79,131.295,131.52,187075.0
2021-03-19 14:00:00,131.5,131.7992,131.34,131.545,131329.0
2021-03-19 13:45:00,131.77,131.86,131.435,131.5,125285.0
2021-03-19 13:30:00,131.64,131.8,131.4,131.76,109426.0
2021-03-19 13:15:00,131.93,131.97,131.21,131.66,173446.0
2021-03-19 13:00:00,131.7,132.04,131.7,131.93,169881.0
2021-03-19 12:45:00,131.64,132.01,131.58,131.68,150327.0
2021-03-19 12:30:00,131.97,132.09,131.5498,131.66,168052.0
2021-03-19 12:15:00,132.09,132.48,131.9,131.985,219038.0
2021-03-19 12:00:00,131.74,132.18,131.47,132.11,326389.0
2021-03-19 11:45:00,131.3701,131.76,131.2,131.73,235569.0
2021-03-19 11:30:00,131.75,132.13,130.81,131.38,297209.0
2021-03-19 11:15:00,131.705,132.09,131.365,131.74,301483.0
2021-03-19 11:00:00,131.58,131.76,131.13,131.67,214265.0
2021-03-19 10:45:00,130.69,131.64,130.19,131.5856,242140.0
2021-03-19 10:30:00,130.1,130.95,129.98,130.65,240565.0
2021-03-19 10:15:00,130.62,130.62,129.17,130.09,486991.0
2021-03-19 10:00:00,130.08,131.1,129.82,130.605,305971.0
2021-03-19 09:45:00,129.79,131.01,129.67,130.07,1320433.0
2021-03-19 09:30:00,130.3,130.8,129.78,129.78,21194.0
2021-03-19 09:15:00,130.39,130.75,129.85,130.4,10456.0
2021-03-19 09:00:00,130.7,130.7,130.5,130.5,2914.0
2021-03-19 08:45:00,130.66,130.85,130.66,130.8,2723.0
2021-03-19 08:30:00,130.66,130.66,130.65,130.65,1433.0
2021-03-19 08:15:00,130.68,131.0,130.65,130.65,8779.0
2021-03-19 08:00:00,130.43,130.43,130.43,130.43,260.0
2021-03-19 07:45:00,130.45,130.51,130.45,130.51,2242.0
2021-03-19 07:30:00,130.77,130.77,130.51,130.51,1514.0
2021-03-19 07:15:00,130.97,131.0,130.8,130.8,3215.0
2021-03-18 20:00:00,130.0,130.0,129.89,129.89,719.0
2021-03-18 19:45:00,130.19,130.2,130.0,130.0,3694.0
2021-03-18 19:30:00,130.25,130.25,130.2,130.2,421.0
2021-03-18 19:15:00,130.1,130.1,130.1,130.1,100.0
2021-03-18 19:00:00,130.35,130.35,130.35,130.35,100.0
2021-03-18 18:45:00,130.1,130.1,130.1,130.1,1451.0
2021-03-18 18:30:00,130.59,130.65,130.59,130.65,563.0
2021-03-18 18:15:00,130.6,130.6,130.46,130.46,1153.0
2021-03-18 18:00:00,130.43,130.5,130.28,130.28,3055.0
2021-03-18 17:30:00,130.4299,130.4299,130.4299,130.4299,171.0
2021-03-18 17:15:00,130.05,130.05,130.05,130.05,1601.0
2021-03-18 17:00:00,130.21,130.34,130.0,130.0,1039.0
2021-03-18 16:45:00,130.25,130.51,130.25,130.5,33966.0
2021-03-18 16:30:00,130.22,130.3,129.75,130.25,1674.0
2021-03-18 16:15:00,129.75,130.33,129.6,130.0418,135697.0
2021-03-18 16:00:00,130.255,130.34,129.66,129.74,1311985.0
2021-03-18 15:45:00,130.81,130.89,130.23,130.24,470610.0
2021-03-18 15:30:00,130.61,130.82,130.35,130.81,368766.0
2021-03-18 15:15:00,130.79,130.87,130.3899,130.63,330334.0
2021-03-18 15:00:00,130.79,131.155,130.64,130.8,337250.0
2021-03-18 14:45:00,131.5,131.675,130.68,130.81,337938.0
2021-03-18 14:30:00,132.035,132.05,131.43,131.47,245317.0
2021-03-18 14:15:00,132.39,132.45,131.93,132.03,179846.0
2021-03-18 14:00:00,132.46,132.5,132.26,132.38,153986.0
2021-03-18 13:45:00,132.599,132.62,132.251,132.445,128318.0
2021-03-18 13:30:00,132.27,132.78,132.2,132.605,98837.0
2021-03-18 13:15:00,132.015,132.45,131.995,132.26,177948.0
2021-03-18 13:00:00,132.76,132.8434,131.97,132.02,225435.0
2021-03-18 12:45:00,133.34,133.39,132.7587,132.78,138382.0
2021-03-18 12:30:00,133.575,133.6,133.04,133.35,213063.0
2021-03-18 12:15:00,132.54,133.5799,132.44,133.5799,382037.0
2021-03-18 12:00:00,132.79,132.8499,132.27,132.55,162639.0
2021-03-18 11:45:00,133.01,133.04,132.57,132.76,160227.0
2021-03-18 11:30:00,132.725,133.05,132.62,132.98,114167.0
2021-03-18 11:15:00,132.82,133.14,132.71,132.725,183751.0
2021-03-18 11:00:00,132.28,132.88,131.86,132.8499,247788.0
2021-03-18 10:45:00,131.915,132.78,131.65,132.3,289296.0
2021-03-18 10:30:00,131.9,132.15,131.645,131.94,421120.0
2021-03-18 10:15:00,132.64,132.64,131.46,131.925,318757.0
2021-03-18 10:00:00,132.27,132.73,131.71,132.66,495044.0
2021-03-18 09:45:00,132.44,133.02,132.0,132.32,689303.0
2021-03-18 09:30:00,131.22,132.5,131.22,132.5,13930.0
2021-03-18 09:15:00,131.66,131.66,131.12,131.22,11850.0
2021-03-18 09:00:00,132.16,132.16,131.66,131.85,1334.0
2021-03-18 08:45:00,131.83,132.1,131.65,132.1,2352.0
2021-03-18 08:30:00,131.7,131.87,131.5,131.87,1723.0
2021-03-18 08:15:00,133.0011,133.0011,131.5,132.15,8849.0
2021-03-18 08:00:00,131.4,131.8,131.4,131.8,626.0
2021-03-18 07:45:00,132.2,132.2,131.41,131.41,6417.0
2021-03-18 07:30:00,132.6,132.6,132.02,132.02,2161.0
2021-03-18 07:15:00,133.48,133.48,132.51,132.55,3578.0
2021-03-18 06:00:00,132.5,132.5,132.5,132.5,150.0
2021-03-18 04:45:00,133.5,133.5,133.5,133.5,1100.0
2021-03-18 04:30:00,133.57,133.6,133.57,133.6,1297.0
2021-03-17 20:00:00,134.23,135.0,134.05,135.0,5372.0
2021-03-17 19:45:00,134.54,134.54,134.4,134.4,827.0
2021-03-17 19:00:00,134.4,134.4,134.4,134.4,200.0
2021-03-17 18:15:00,134.39,134.4,134.39,134.4,204.0
2021-03-17 18:00:00,134.1,134.1,134.1,134.1,636.0
2021-03-17 17:45:00,134.0,134.15,134.0,134.15,486.0
2021-03-17 17:30:00,134.0,134.0,134.0,134.0,300.0
2021-03-17 17:15:00,134.14,134.15,133.95,133.95,1414.0
2021-03-17 17:00:00,134.0,134.0,133.65,133.9,1318.0
2021-03-17 16:45:00,134.25,134.25,134.0,134.0,912.0
2021-03-17 16:30:00,134.09,134.45,134.07,134.07,3951.0
2021-03-17 16:15:00,133.92,133.95,133.7,133.89,115502.0
2021-03-17 16:00:00,133.57,133.94,133.17,133.935,830651.0
2021-03-17 15:45:00,133.89,134.24,133.53,133.53,609864.0
2021-03-17 15:30:00,134.22,134.38,133.635,133.88,323993.0
2021-03-17 15:15:00,133.94,135.6,133.7,134.24,1519721.0
2021-03-17 15:00:00,133.94,134.0,133.55,133.94,336304.0
2021-03-17 14:45:00,132.44,134.0,132.23,133.94,393152.0
2021-03-17 14:30:00,133.28,133.36,132.405,132.405,211741.0
2021-03-17 14:15:00,131.85,133.5,131.69,133.26,464914.0
2021-03-17 14:00:00,131.87,131.88,131.52,131.65,131638.0
2021-03-17 13:45:00,131.89,131.97,131.65,131.85,144777.0
2021-03-17 13:30:00,131.9,132.265,131.7,131.89,140144.0
2021-03-17 13:15:00,131.7,132.1,131.59,131.94,147420.0
2021-03-17 13:00:00,131.92,132.22,131.64,131.76,142322.0
2021-03-17 12:45:00,132.49,132.49,131.91,131.95,180650.0
2021-03-17 12:30:00,131.88,132.6999,131.88,132.5,216035.0
2021-03-17 12:15:00,131.62,132.14,131.35,131.8222,161206.0
2021-03-17 12:00:00,131.24,131.98,131.19,131.64,174691.0
2021-03-17 11:45:00,132.03,132.08,131.1208,131.24,235008.0
2021-03-17 11:30:00,131.67,132.33,131.5452,132.06,166211.0
2021-03-17 11:15:00,131.605,131.88,131.11,131.7,210178.0
2021-03-17 11:00:00,131.61,131.7499,131.33,131.6,220162.0
2021-03-17 10:45:00,132.12,132.42,131.51,131.61,235807.0
2021-03-17 10:30:00,132.22,132.5,131.91,132.13,285840.0
2021-03-17 10:15:00,131.6,132.34,131.46,132.25,371223.0
2021-03-17 10:00:00,131.37,131.6799,130.81,131.59,521896.0
2021-03-17 09:45:00,131.31,131.52,129.68,131.4,1142856.0
2021-03-17 09:30:00,133.7101,133.7101,131.3,131.3,5007.0
2021-03-17 09:15:00,131.7962,131.8,131.63,131.7,2338.0
2021-03-17 09:00:00,131.6,131.8,131.6,131.7,5191.0
2021-03-17 08:45:00,131.68,131.7,131.59,131.59,5245.0
2021-03-17 08:30:00,131.6999,131.7,131.6999,131.7,2928.0
2021-03-17 08:15:00,133.705,133.85,131.56,131.7,12231.0
2021-03-17 08:00:00,132.36,132.36,131.81,131.81,3593.0
2021-03-17 07:45:00,132.5,132.5,132.36,132.36,3456.0
2021-03-17 07:30:00,132.75,132.75,132.37,132.41,1433.0
2021-03-17 07:15:00,133.85,133.85,133.41,133.41,2892.0
2021-03-17 06:30:00,134.0,134.0,134.0,134.0,151.0
2021-03-17 06:15:00,134.0,134.0,134.0,134.0,522.0
2021-03-17 06:00:00,134.25,134.25,134.0,134.0,1135.0
2021-03-17 05:30:00,134.0,134.0,134.0,134.0,908.0
2021-03-17 05:15:00,134.11,134.11,134.0,134.0,612.0
2021-03-17 04:15:00,133.65,133.65,133.65,133.65,202.0
2021-03-16 20:00:00,133.76,133.76,133.76,133.76,328.0
2021-03-16 19:15:00,133.76,133.76,133.75,133.75,968.0
2021-03-16 19:00:00,133.76,133.76,133.76,133.76,343.0
2021-03-16 18:45:00,133.76,133.76,133.76,133.76,100.0
2021-03-16 18:30:00,133.67,133.75,133.67,133.75,700.0
2021-03-16 18:15:00,133.65,133.65,133.65,133.65,255.0
2021-03-16 17:45:00,133.49,133.5,133.49,133.5,300.0
2021-03-16 17:30:00,133.6064,133.6064,133.4,133.4,4966.0
2021-03-16 17:15:00,133.86,133.86,133.86,133.86,778.0
2021-03-16 17:00:00,133.56,133.57,133.56,133.56,1501.0
2021-03-16 16:45:00,133.65,133.65,133.65,133.65,347.0
2021-03-16 16:30:00,133.88,133.88,133.88,133.88,100.0
2021-03-16 16:15:00,133.65,134.27,133.0701,133.11,604174.0
2021-03-16 16:00:00,133.98,134.19,133.49,133.68,635074.0
2021-03-16 15:45:00,133.91,134.42,133.91,134.0,314005.0
2021-03-16 15:30:00,133.8199,134.1758,133.79,133.88,217592.0
2021-03-16 15:15:00,133.69,134.05,133.4292,133.805,229465.0
2021-03-16 15:00:00,133.05,133.75,133.05,133.7,211081.0
2021-03-16 14:45:00,133.3,133.4035,133.0,133.06,299669.0
2021-03-16 14:30:00,134.14,134.45,133.31,133.31,303824.0
2021-03-16 14:15:00,134.12,134.33,133.6615,134.1583,409930.0
2021-03-16 14:00:00,134.18,134.41,133.98,134.13,189191.0
2021-03-16 13:45:00,134.33,134.34,134.09,134.1815,209259.0
2021-03-16 13:30:00,134.5215,134.6868,134.315,134.35,175276.0
2021-03-16 13:15:00,134.17,134.75,134.17,134.53,231027.0
2021-03-16 13:00:00,134.14,134.2293,134.04,134.17,204099.0
2021-03-16 12:45:00,133.48,134.27,133.45,134.12,189846.0
2021-03-16 12:30:00,134.0,134.27,133.31,133.51,348791.0
2021-03-16 12:15:00,134.26,134.65,134.0,134.01,284841.0
2021-03-16 12:00:00,134.94,135.05,134.17,134.23,310889.0
2021-03-16 11:45:00,135.05,135.25,134.8,134.945,263299.0
2021-03-16 11:30:00,135.105,135.44,134.8501,135.01,235751.0
2021-03-16 11:15:00,134.8,135.42,134.78,135.11,448051.0
2021-03-16 11:00:00,134.98,135.0,134.76,134.785,428636.0
2021-03-16 10:45:00,134.57,135.0,134.57,134.975,362676.0
2021-03-16 10:30:00,134.97,135.08,134.23,134.54,385038.0
2021-03-16 10:15:00,134.13,135.0,134.0,134.9699,528420.0
2021-03-16 10:00:00,133.57,134.26,133.57,134.15,718653.0
2021-03-16 09:45:00,132.89,133.65,132.293,133.54,1035293.0
2021-03-16 09:30:00,132.838,132.87,132.838,132.87,2694.0
2021-03-16 09:15:00,132.7966,132.8,132.5605,132.5605,5009.0
2021-03-16 09:00:00,132.8,132.8,132.56,132.73,2114.0
2021-03-16 08:45:00,132.7,132.8,132.56,132.69,3700.0
2021-03-16 08:30:00,132.79,132.86,132.7401,132.8,4039.0
2021-03-16 08:15:00,132.6868,132.87,132.5,132.77,3739.0
2021-03-16 08:00:00,132.55,132.55,132.55,132.55,182.0
2021-03-16 07:45:00,132.49,132.79,132.49,132.79,801.0
2021-03-16 07:30:00,132.55,132.55,132.5,132.5,2041.0
2021-03-16 07:15:00,132.7,132.85,132.7,132.85,2079.0
2021-03-16 06:15:00,132.65,132.65,132.65,132.65,154.0
2021-03-16 06:00:00,132.65,132.65,132.65,132.65,303.0
2021-03-15 20:00:00,131.7,131.7,131.5,131.5,785.0
2021-03-15 19:00:00,131.77,131.77,131.77,131.77,100.0
2021-03-15 18:45:00,131.7,131.94,131.7,131.94,440.0
2021-03-15 18:30:00,131.88,131.88,131.88,131.88,100.0
2021-03-15 18:15:00,131.67,131.95,131.67,131.95,330.0
2021-03-15 18:00:00,131.98,131.98,131.75,131.75,729.0
2021-03-15 17:45:00,131.69,131.9799,131.69,131.9799,429.0
2021-03-15 17:30:00,131.66,131.66,131.66,131.66,105.0
2021-03-15 17:15:00,131.98,131.98,131.65,131.65,472.0
2021-03-15 17:00:00,131.95,131.99,131.75,131.75,905.0
2021-03-15 16:45:00,131.75,131.75,131.7,131.7,664.0
2021-03-15 16:30:00,131.63,131.74,131.58,131.74,2328.0
2021-03-15 16:15:00,131.64,131.64,131.05,131.64,426834.0
2021-03-15 16:00:00,131.0,131.76,130.9374,131.64,1028973.0
2021-03-15 15:45:00,130.69,131.035,130.67,131.0,234911.0
2021-03-15 15:30:00,130.779,130.94,130.52,130.6727,247270.0
2021-03-15 15:15:00,131.13,131.14,130.7,130.78,255484.0
2021-03-15 15:00:00,131.28,131.4,131.0,131.11,187507.0
2021-03-15 14:45:00,131.19,131.3599,131.16,131.274,99641.0
2021-03-15 14:30:00,130.9405,131.35,130.862,131.19,155955.0
2021-03-15 14:15:00,130.66,130.95,130.66,130.91,106074.0
2021-03-15 14:00:00,130.885,130.885,130.59,130.66,113079.0
2021-03-15 13:45:00,130.51,130.87,130.46,130.87,142765.0
2021-03-15 13:30:00,130.35,130.54,130.27,130.515,119190.0
2021-03-15 13:15:00,130.52,130.665,130.27,130.3522,125666.0
2021-03-15 13:00:00,130.28,130.56,130.19,130.5,259893.0
2021-03-15 12:45:00,130.4,130.635,130.27,130.31,108096.0
2021-03-15 12:30:00,130.31,130.72,130.17,130.41,243146.0
2021-03-15 12:15:00,130.44,130.51,130.18,130.27,134042.0
2021-03-15 12:00:00,130.04,130.5521,129.93,130.46,200323.0
2021-03-15 11:45:00,129.76,130.08,129.41,130.055,183474.0
2021-03-15 11:30:00,130.45,130.55,129.6353,129.765,225694.0
2021-03-15 11:15:00,130.6859,130.78,130.41,130.455,208140.0
2021-03-15 11:00:00,130.43,130.76,130.39,130.69,251253.0
2021-03-15 10:45:00,130.01,130.51,129.85,130.38,183567.0
2021-03-15 10:30:00,130.91,131.03,129.93,130.005,333778.0
2021-03-15 10:15:00,130.165,131.05,130.1,130.9751,292676.0
2021-03-15 10:00:00,129.3925,130.48,129.22,130.165,322500.0
2021-03-15 09:45:00,130.06,130.75,129.12,129.3704,701910.0
2021-03-15 09:30:00,130.53,130.55,130.04,130.05,10694.0
2021-03-15 09:15:00,130.64,130.79,130.55,130.55,2487.0
2021-03-15 08:45:00,130.2,130.5,130.2,130.29,4019.0
2021-03-15 08:30:00,130.5,130.5,130.25,130.25,1753.0
2021-03-15 08:15:00,130.71,131.19,130.304,130.5,6166.0
2021-03-15 08:00:00,130.59,130.59,130.59,130.59,319.0
2021-03-15 07:45:00,130.59,130.59,130.59,130.59,311.0
2021-03-15 07:30:00,130.6,130.6,130.59,130.59,1996.0
2021-03-15 07:15:00,130.8,131.2,130.8,131.2,1549.0
2021-03-15 07:00:00,131.4,131.4,131.4,131.4,100.0
2021-03-15 06:45:00,131.31,131.31,131.17,131.17,939.0
2021-03-15 06:15:00,131.36,131.36,131.36,131.36,100.0
2021-03-15 05:45:00,131.46,131.46,131.46,131.46,247.0
2021-03-15 05:30:00,130.8,130.8,130.8,130.8,133.0
2021-03-12 20:00:00,130.2,130.2,130.0,130.0,648.0
2021-03-12 19:45:00,130.1,130.1,130.1,130.1,298.0
2021-03-12 19:30:00,130.0,130.09,130.0,130.0,701.0
2021-03-12 18:45:00,129.94,129.94,129.8,129.8,2000.0
2021-03-12 18:30:00,130.2,130.2,130.1,130.1,272.0
2021-03-12 18:15:00,130.0,130.2,130.0,130.2,3015.0
2021-03-12 18:00:00,130.0,130.05,129.99,129.99,1542.0
2021-03-12 17:45:00,130.0,130.0,130.0,130.0,561.0
2021-03-12 17:30:00,130.1252,130.1252,130.1,130.1,501.0
2021-03-12 17:15:00,130.01,130.05,130.0,130.05,569.0
2021-03-12 17:00:00,130.05,130.05,130.05,130.05,104.0
2021-03-12 16:45:00,130.14,130.14,130.0,130.0,3500.0
2021-03-12 16:30:00,130.25,130.25,130.12,130.12,1234.0
2021-03-12 16:15:00,129.98,130.29,129.98,130.28,109386.0
2021-03-12 16:00:00,130.02,130.11,129.85,129.97,713599.0
2021-03-12 15:45:00,130.05,130.33,129.92,130.02,410632.0
2021-03-12 15:30:00,130.1,130.31,129.95,130.04,240821.0
2021-03-12 15:15:00,129.97,130.16,129.7506,130.0895,224169.0
2021-03-12 15:00:00,129.87,130.13,129.81,129.99,153670.0
2021-03-12 14:45:00,129.35,129.9,129.22,129.86,283982.0
2021-03-12 14:30:00,129.62,129.69,129.24,129.36,224820.0
2021-03-12 14:15:00,129.51,129.77,129.31,129.65,195760.0
2021-03-12 14:00:00,129.52,129.7,129.31,129.49,175942.0
2021-03-12 13:45:00,129.62,129.84,129.51,129.53,191502.0
2021-03-12 13:30:00,129.45,129.63,129.42,129.6,159831.0
2021-03-12 13:15:00,129.06,129.49,128.85,129.4765,218629.0
2021-03-12 13:00:00,129.18,129.425,128.91,129.06,151091.0
2021-03-12 12:45:00,129.5,129.73,129.12,129.21,194427.0
2021-03-12 12:30:00,129.22,129.6,129.2,129.51,303251.0
2021-03-12 12:15:00,128.52,129.22,128.3216,129.22,362163.0
2021-03-12 12:00:00,128.355,128.7,128.15,128.5154,271575.0
2021-03-12 11:45:00,128.22,128.57,128.03,128.33,343636.0
2021-03-12 11:30:00,127.845,128.26,127.725,128.205,249702.0
2021-03-12 11:15:00,127.95,128.19,127.63,127.86,302868.0
2021-03-12 11:00:00,128.14,128.439,127.62,127.95,464581.0
2021-03-12 10:45:00,128.16,128.32,127.79,128.1442,611527.0
2021-03-12 10:30:00,129.41,129.42,127.77,128.17,410542.0
2021-03-12 10:15:00,129.87,130.07,129.18,129.39,311985.0
2021-03-12 10:00:00,129.17,130.1,128.85,129.87,430186.0
2021-03-12 09:45:00,129.9,130.0,128.33,129.1655,967971.0
2021-03-12 09:30:00,129.72,130.0,129.5,129.9,7631.0
2021-03-12 09:15:00,130.05,130.05,129.7,129.7,7436.0
2021-03-12 09:00:00,130.41,130.41,129.95,130.0901,3643.0
2021-03-12 08:45:00,130.48,130.69,130.15,130.55,13001.0
2021-03-12 08:30:00,130.48,130.5,130.15,130.5,2829.0
2021-03-12 08:15:00,130.013,130.5,129.8518,130.05,12280.0
2021-03-12 08:00:00,130.14,130.3,130.14,130.3,2438.0
2021-03-12 07:45:00,130.4,130.4,130.03,130.26,2505.0
2021-03-12 07:30:00,129.87,130.3,129.87,130.25,2889.0
2021-03-12 07:15:00,130.0,130.26,129.6,130.0,6125.0
2021-03-12 07:00:00,129.98,129.98,129.98,129.98,222.0
2021-03-12 06:45:00,129.99,129.99,129.98,129.98,1001.0
2021-03-12 06:30:00,129.85,129.87,129.84,129.84,1542.0
2021-03-12 05:00:00,129.7,129.7,129.7,129.7,203.0
2021-03-12 04:45:00,130.15,130.15,129.5,129.5,400.0
2021-03-12 04:15:00,131.0,131.0,129.53,129.53,3289.0
2021-03-11 20:00:00,132.33,132.33,132.32,132.32,217.0
2021-03-11 19:45:00,132.39,132.4,132.32,132.4,3384.0
2021-03-11 19:30:00,132.38,132.39,132.38,132.38,1102.0
2021-03-11 19:15:00,132.3,132.4,132.3,132.39,9000.0
2021-03-11 19:00:00,132.29,132.3,132.29,132.3,300.0
2021-03-11 18:45:00,132.0,132.0,131.98,131.98,305.0
2021-03-11 18:30:00,131.95,132.0,131.95,132.0,1450.0
2021-03-11 18:15:00,131.95,131.95,131.95,131.95,200.0
2021-03-11 18:00:00,131.9499,131.9499,131.5501,131.5501,502.0
2021-03-11 17:45:00,131.6176,131.9446,131.6176,131.9446,373.0
2021-03-11 17:30:00,131.94,131.94,131.5,131.5,3454.0
2021-03-11 17:15:00,131.94,131.95,131.6895,131.6895,1563.0
2021-03-11 17:00:00,131.93,131.95,131.93,131.95,589.0
2021-03-11 16:45:00,131.7,131.84,131.41,131.51,3621.0
2021-03-11 16:30:00,132.1236,132.1236,131.42,131.43,2471.0
2021-03-11 16:15:00,131.74,131.9,131.74,131.9,259362.0
2021-03-11 16:00:00,131.99,132.05,131.45,131.73,1486534.0
2021-03-11 15:45:00,132.42,132.42,131.91,131.98,513750.0
2021-03-11 15:30:00,132.05,132.4325,132.04,132.41,281358.0
2021-03-11 15:15:00,132.49,132.53,132.04,132.04,214309.0
2021-03-11 15:00:00,132.73,132.78,132.46,132.49,204265.0
2021-03-11 14:45:00,132.71,132.81,132.46,132.71,188876.0
2021-03-11 14:30:00,132.62,132.8096,132.51,132.71,196637.0
2021-03-11 14:15:00,132.38,132.65,132.3,132.59,259497.0
2021-03-11 14:00:00,132.41,132.6168,132.1116,132.3501,212364.0
2021-03-11 13:45:00,132.67,132.82,132.35,132.41,205817.0
2021-03-11 13:30:00,132.9,133.0,132.5,132.655,206251.0
2021-03-11 13:15:00,132.7,133.24,132.63,132.88,270468.0
2021-03-11 13:00:00,132.61,132.94,132.445,132.7,193120.0
2021-03-11 12:45:00,132.48,132.76,132.34,132.61,228085.0
2021-03-11 12:30:00,132.45,132.57,132.2,132.47,273356.0
2021-03-11 12:15:00,132.47,132.48,132.02,132.44,308729.0
2021-03-11 12:00:00,132.86,132.92,132.435,132.47,344853.0
2021-03-11 11:45:00,132.41,132.96,132.295,132.84,429303.0
2021-03-11 11:30:00,132.38,132.47,132.17,132.4,317864.0
2021-03-11 11:15:00,132.25,132.41,132.02,132.36,398941.0
2021-03-11 11:00:00,131.93,132.45,131.75,132.25,527486.0
2021-03-11 10:45:00,131.16,132.02,131.16,131.94,320658.0
2021-03-11 10:30:00,131.91,132.02,130.92,131.16,315712.0
2021-03-11 10:15:00,131.285,132.1,131.285,131.905,456646.0
2021-03-11 10:00:00,130.72,131.29,130.28,131.29,551915.0
2021-03-11 09:45:00,131.01,132.0,130.01,130.72,1453791.0
2021-03-11 09:30:00,130.47,131.06,130.0,130.91,20665.0
2021-03-11 09:15:00,130.6,130.6,130.37,130.37,7325.0
2021-03-11 09:00:00,130.62,130.62,130.4999,130.6,4457.0
2021-03-11 08:45:00,130.7,130.7,130.57,130.57,1398.0
2021-03-11 08:30:00,130.64,130.82,130.55,130.7,28847.0
2021-03-11 08:15:00,130.3,130.85,130.3,130.6,13534.0
2021-03-11 08:00:00,130.8,130.8,130.52,130.7,1672.0
2021-03-11 07:45:00,130.79,130.88,130.6,130.6,6678.0
2021-03-11 07:30:00,130.51,130.88,130.51,130.88,4079.0
2021-03-11 07:15:00,131.0,131.0,130.34,130.5,14062.0
2021-03-11 07:00:00,131.35,131.37,131.02,131.02,1279.0
2021-03-11 06:30:00,131.32,131.32,131.32,131.32,152.0
2021-03-11 06:15:00,131.26,131.32,131.26,131.32,277.0
2021-03-11 06:00:00,131.13,131.13,131.13,131.13,102.0
2021-03-11 05:45:00,131.1,131.1,131.03,131.03,1206.0
2021-03-11 05:30:00,131.1,131.1,131.1,131.1,1077.0
2021-03-11 05:15:00,131.16,131.16,131.16,131.16,250.0
2021-03-11 05:00:00,131.15,131.15,131.15,131.15,594.0
2021-03-11 04:45:00,131.2,131.2,131.2,131.2,147.0
2021-03-11 04:30:00,130.8,130.98,130.8,130.98,772.0
2021-03-10 20:00:00,127.76,127.76,127.7,127.75,1153.0
2021-03-10 19:45:00,128.0,128.0,127.81,128.0,1562.0
2021-03-10 19:30:00,128.1,128.1,128.05,128.05,1623.0
2021-03-10 19:15:00,128.18,128.25,128.1,128.1,300.0
2021-03-10 19:00:00,128.35,128.35,128.1,128.1,1410.0
2021-03-10 18:15:00,128.18,128.27,128.18,128.27,2470.0
2021-03-10 18:00:00,128.18,128.18,128.18,128.18,100.0
2021-03-10 17:30:00,127.87,127.87,127.87,127.87,341.0
2021-03-10 17:00:00,128.01,128.01,128.01,128.01,3630.0
2021-03-10 16:45:00,128.29,128.29,128.1,128.1,358.0
2021-03-10 16:30:00,128.0,128.45,127.95,128.44,1748.0
2021-03-10 16:15:00,127.87,128.0,127.87,128.0,171551.0
2021-03-10 16:00:00,128.15,128.52,127.64,127.85,978241.0
2021-03-10 15:45:00,128.07,128.62,127.889,128.145,471590.0
2021-03-10 15:30:00,128.4,128.63,128.03,128.07,273903.0
2021-03-10 15:15:00,128.5034,128.76,128.23,128.36,285261.0
2021-03-10 15:00:00,128.23,128.88,128.19,128.51,306038.0
2021-03-10 14:45:00,128.61,128.62,128.19,128.2385,211465.0
2021-03-10 14:30:00,128.51,128.73,128.1,128.545,201264.0
2021-03-10 14:15:00,128.2099,128.55,128.05,128.5,241695.0
2021-03-10 14:00:00,128.04,128.38,127.8,128.24,236271.0
2021-03-10 13:45:00,128.8695,128.8695,127.96,128.06,314128.0
2021-03-10 13:30:00,128.65,128.82,128.14,128.81,260101.0
2021-03-10 13:15:00,128.73,129.01,127.83,128.61,403224.0
2021-03-10 13:00:00,128.39,128.83,128.337,128.6999,395556.0
2021-03-10 12:45:00,128.51,128.87,128.07,128.375,293053.0
2021-03-10 12:30:00,129.17,129.1898,128.415,128.52,192270.0
2021-03-10 12:15:00,128.91,129.29,128.54,129.1949,261902.0
2021-03-10 12:00:00,128.14,129.0,128.13,128.87,315668.0
2021-03-10 11:45:00,128.82,129.11,128.08,128.11,369954.0
2021-03-10 11:30:00,128.635,129.01,128.26,128.8412,299653.0
2021-03-10 11:15:00,128.73,128.8,128.29,128.65,393095.0
2021-03-10 11:00:00,128.6,129.09,128.01,128.73,467510.0
2021-03-10 10:45:00,128.47,129.14,128.1,128.6,542989.0
2021-03-10 10:30:00,129.415,129.68,128.3548,128.45,634392.0
2021-03-10 10:15:00,130.35,130.46,129.42,129.42,656486.0
2021-03-10 10:00:00,130.43,131.1,130.18,130.325,837611.0
2021-03-10 09:45:00,130.67,131.1,129.78,130.42,1369331.0
2021-03-10 09:30:00,131.21,131.8,130.64,130.64,27653.0
2021-03-10 09:15:00,130.392,131.5,130.2,131.49,37960.0
2021-03-10 09:00:00,129.51,130.4,129.49,130.4,34811.0
2021-03-10 08:45:00,129.11,130.5,129.1,129.97,38238.0
2021-03-10 08:30:00,129.51,129.51,128.88,129.11,24783.0
2021-03-10 08:15:00,129.9,130.5,129.52,129.6,15768.0
2021-03-10 08:00:00,130.04,130.04,129.85,129.85,5544.0
2021-03-10 07:45:00,130.25,130.49,130.04,130.04,1944.0
2021-03-10 07:30:00,129.5,130.25,129.5,130.25,5468.0
2021-03-10 07:15:00,129.95,129.97,129.6,129.6,4433.0
2021-03-10 07:00:00,129.39,129.39,129.35,129.35,4151.0
2021-03-10 06:45:00,129.48,129.48,129.48,129.48,380.0
2021-03-10 06:30:00,129.46,129.46,129.46,129.46,397.0
2021-03-10 06:15:00,130.0,130.0,130.0,130.0,110.0
2021-03-10 06:00:00,130.3,130.3,130.3,130.3,208.0
2021-03-10 05:30:00,130.5,130.5,130.5,130.5,5258.0
2021-03-10 05:15:00,130.5,130.5,130.5,130.5,5605.0
2021-03-10 05:00:00,130.5,130.5,130.5,130.5,1702.0
2021-03-10 04:45:00,130.0,130.01,130.0,130.01,762.0
2021-03-10 04:30:00,130.48,130.5,130.2,130.5,4887.0
2021-03-10 04:15:00,130.5,130.5,130.3,130.5,2431.0
2021-03-09 20:00:00,131.45,131.45,131.04,131.14,2149.0
2021-03-09 19:45:00,131.45,131.45,131.15,131.15,662.0
2021-03-09 19:30:00,131.52,131.52,131.37,131.45,1982.0
2021-03-09 19:15:00,131.36,131.53,131.35,131.41,1453.0
2021-03-09 19:00:00,131.58,131.58,131.45,131.45,555.0
2021-03-09 18:45:00,131.39,131.7,131.19,131.5,5371.0
2021-03-09 18:30:00,131.35,131.4,131.26,131.35,15944.0
2021-03-09 18:15:00,131.6,131.64,131.4,131.4,3734.0
2021-03-09 18:00:00,131.5,131.57,131.5,131.5001,2041.0
2021-03-09 17:45:00,131.55,131.55,131.45,131.5,4973.0
2021-03-09 17:30:00,130.97,131.85,130.81,131.45,51616.0
2021-03-09 17:15:00,129.7,130.98,129.53,130.97,17827.0
2021-03-09 17:00:00,129.49,129.6,129.11,129.11,922.0
2021-03-09 16:45:00,129.11,129.4,128.85,129.4,2194.0
2021-03-09 16:30:00,129.46,129.46,129.11,129.11,1353.0
2021-03-09 16:15:00,129.11,129.55,129.11,129.11,504193.0
2021-03-09 16:00:00,129.39,129.54,128.7501,129.11,1029979.0
2021-03-09 15:45:00,129.74,129.86,129.28,129.43,359997.0
2021-03-09 15:30:00,129.9,129.91,129.63,129.74,226787.0
2021-03-09 15:15:00,129.83,129.88,129.53,129.855,259458.0
2021-03-09 15:00:00,129.61,129.92,129.54,129.825,244251.0
2021-03-09 14:45:00,128.7,129.6022,128.58,129.6,296684.0
2021-03-09 14:30:00,129.07,129.09,128.67,128.685,229157.0
2021-03-09 14:15:00,129.225,129.28,128.93,129.07,349378.0
2021-03-09 14:00:00,129.2,129.25,129.03,129.24,256493.0
2021-03-09 13:45:00,129.0,129.3,128.88,129.205,338185.0
2021-03-09 13:30:00,129.05,129.24,128.86,128.955,275643.0
2021-03-09 13:15:00,128.53,129.09,128.525,129.01,240024.0
2021-03-09 13:00:00,128.61,128.69,128.34,128.515,205397.0
2021-03-09 12:45:00,128.725,128.91,128.55,128.61,228288.0
2021-03-09 12:30:00,128.49,128.77,128.2801,128.6866,240785.0
2021-03-09 12:15:00,127.96,128.5295,127.67,128.5295,378030.0
2021-03-09 12:00:00,127.78,128.25,127.57,127.96,273450.0
2021-03-09 11:45:00,127.73,127.9399,127.43,127.82,258475.0
2021-03-09 11:30:00,127.78,127.98,127.63,127.69,207426.0
2021-03-09 11:15:00,127.522,127.98,127.28,127.8,248832.0
2021-03-09 11:00:00,127.94,127.98,127.275,127.52,315476.0
2021-03-09 10:45:00,128.33,128.39,127.64,127.91,283540.0
2021-03-09 10:30:00,128.44,128.76,128.0786,128.32,529091.0
2021-03-09 10:15:00,128.43,128.76,128.13,128.4,543577.0
2021-03-09 10:00:00,127.02,128.5599,126.73,128.3564,733966.0
2021-03-09 09:45:00,127.385,128.15,126.33,126.98,1197570.0
2021-03-09 09:30:00,126.4,127.46,126.3,127.36,60306.0
2021-03-09 09:15:00,126.1,126.56,126.1,126.42,11853.0
2021-03-09 09:00:00,126.1,126.23,125.81,126.1,7467.0
2021-03-09 08:45:00,125.59,126.23,125.51,126.23,5871.0
2021-03-09 08:30:00,125.51,125.8,125.51,125.52,3269.0
2021-03-09 08:15:00,125.75,126.4,125.25,125.75,16882.0
2021-03-09 08:00:00,125.75,125.88,125.6,125.88,4125.0
2021-03-09 07:45:00,125.76,125.83,125.58,125.58,2028.0
2021-03-09 07:30:00,125.5,125.61,125.5,125.61,4120.0
2021-03-09 07:15:00,126.9,127.0,125.41,125.6,14448.0
2021-03-09 07:00:00,127.0,127.0,126.98,126.98,819.0
2021-03-09 06:30:00,126.82,126.82,126.82,126.82,267.0
2021-03-09 06:15:00,126.74,126.74,126.74,126.74,190.0
2021-03-09 06:00:00,126.55,126.55,126.55,126.55,481.0
2021-03-09 05:30:00,126.27,126.27,126.27,126.27,100.0
2021-03-09 04:45:00,125.9,126.56,125.9,126.56,1979.0
2021-03-09 04:30:00,125.71,125.85,125.71,125.85,500.0
2021-03-09 04:15:00,126.07,126.08,126.0,126.08,1301.0
2021-03-08 20:00:00,124.0,124.14,123.75,123.75,1054.0
2021-03-08 19:45:00,124.21,124.21,124.0,124.0,878.0
2021-03-08 19:30:00,124.4,124.4,124.21,124.21,700.0
2021-03-08 19:15:00,124.26,124.5,124.25,124.25,4496.0
2021-03-08 19:00:00,123.61,123.61,123.61,123.61,881.0
2021-03-08 18:45:00,124.26,124.26,123.65,124.2599,1538.0
2021-03-08 18:30:00,123.7,124.26,123.7,124.26,1509.0
2021-03-08 18:15:00,123.6,123.67,123.6,123.65,2095.0
2021-03-08 18:00:00,123.5,123.64,123.5,123.64,7831.0
2021-03-08 17:45:00,123.8,123.8,123.5,123.5,1147.0
2021-03-08 17:30:00,123.7,123.8,123.7,123.79,2864.0
2021-03-08 17:15:00,123.45,123.8,123.45,123.8,3677.0
2021-03-08 17:00:00,123.45,123.45,123.3691,123.3691,1452.0
2021-03-08 16:45:00,123.25,123.37,123.2,123.37,897.0
2021-03-08 16:30:00,123.2,123.63,123.2,123.63,3947.0
2021-03-08 16:15:00,123.2,123.77,123.0066,123.2,287680.0
2021-03-08 16:00:00,123.71,123.82,122.99,123.18,2009003.0
2021-03-08 15:45:00,123.39,123.78,123.31,123.71,963089.0
2021-03-08 15:30:00,123.91,124.0,123.37,123.39,650451.0
2021-03-08 15:15:00,124.42,124.42,123.67,123.92,491117.0
2021-03-08 15:00:00,124.52,124.62,124.21,124.435,291178.0
2021-03-08 14:45:00,124.87,125.2,124.47,124.52,321779.0
2021-03-08 14:30:00,124.9482,125.23,124.51,124.87,303252.0
2021-03-08 14:15:00,124.63,125.2,124.42,124.89,579697.0
2021-03-08 14:00:00,125.33,125.405,124.49,124.64,487382.0
2021-03-08 13:45:00,126.11,126.1175,125.27,125.33,235964.0
2021-03-08 13:30:00,125.62,126.34,125.62,126.1354,254398.0
2021-03-08 13:15:00,125.5101,125.7188,125.22,125.66,366616.0
2021-03-08 13:00:00,125.8336,126.24,125.48,125.5,325745.0
2021-03-08 12:45:00,126.1,126.24,125.76,125.82,266192.0
2021-03-08 12:30:00,125.4647,126.2252,125.1678,126.07,601700.0
2021-03-08 12:15:00,125.88,126.0,125.185,125.48,663262.0
2021-03-08 12:00:00,126.65,126.8899,125.78,125.925,607571.0
2021-03-08 11:45:00,128.16,128.17,126.6,126.64,435390.0
2021-03-08 11:30:00,127.925,128.4625,127.67,128.14,324796.0
2021-03-08 11:15:00,128.075,128.77,127.76,127.9153,290259.0
2021-03-08 11:00:00,128.95,129.05,127.9,128.04,302543.0
2021-03-08 10:45:00,128.57,129.11,128.56,128.96,309636.0
2021-03-08 10:30:00,127.89,128.69,127.57,128.59,420454.0
2021-03-08 10:15:00,128.27,128.56,127.57,127.8799,448629.0
2021-03-08 10:00:00,129.45,129.6898,128.047,128.3,427155.0
2021-03-08 09:45:00,129.0,129.7713,127.69,129.399,961303.0
2021-03-08 09:30:00,129.48,129.7,129.0,129.0,11750.0
2021-03-08 09:15:00,129.1,129.5,129.1,129.38,4970.0
2021-03-08 09:00:00,128.69,129.2899,128.68,129.2899,7142.0
2021-03-08 08:45:00,128.9,129.03,128.76,128.76,6740.0
2021-03-08 08:30:00,128.4,128.9,128.0563,128.9,8651.0
2021-03-08 08:15:00,128.4,128.45,127.86,128.32,9109.0
2021-03-08 08:00:00,128.07,128.07,128.0,128.0,1264.0
2021-03-08 07:45:00,128.1,128.1,128.0,128.0,2938.0
2021-03-08 07:15:00,128.2,128.4,128.0,128.4,4082.0
2021-03-08 07:00:00,128.02,128.02,128.0,128.0,1180.0
2021-03-08 05:45:00,128.0,128.28,128.0,128.28,608.0
2021-03-08 04:45:00,126.4,126.4,126.4,126.4,166.0
2021-03-08 04:30:00,127.35,127.35,126.4,126.4,1430.0
2021-03-08 04:15:00,130.15,130.15,127.6,127.6,725.0
2021-03-05 20:00:00,130.25,130.25,130.25,130.25,226.0
2021-03-05 19:30:00,130.15,130.2499,130.1,130.2499,1063.0
2021-03-05 19:15:00,130.25,130.25,130.25,130.25,100.0
2021-03-05 19:00:00,130.3999,130.3999,130.3,130.3,337.0
2021-03-05 18:45:00,130.24,130.25,130.24,130.25,720.0
2021-03-05 18:30:00,130.0001,130.25,130.0001,130.25,714.0
2021-03-05 18:15:00,130.03,130.03,129.9501,129.9501,700.0
2021-03-05 17:45:00,129.95,129.95,129.95,129.95,100.0
2021-03-05 17:30:00,129.9,130.0,129.9,130.0,605.0
2021-03-05 17:15:00,129.7501,129.7816,129.7501,129.7816,341.0
2021-03-05 17:00:00,129.91,129.96,129.86,129.96,899.0
2021-03-05 16:45:00,130.0,130.0,129.92,129.92,556.0
2021-03-05 16:30:00,130.0,130.0,129.86,129.95,7343.0
2021-03-05 16:15:00,129.75,129.9,129.75,129.9,216485.0
2021-03-05 16:00:00,130.25,130.4699,129.74,129.75,1496494.0
2021-03-05 15:45:00,130.17,130.49,129.96,130.25,454906.0
2021-03-05 15:30:00,130.205,130.4957,130.0,130.14,350520.0
2021-03-05 15:15:00,130.46,130.59,130.09,130.21,323454.0
2021-03-05 15:00:00,130.01,130.505,129.86,130.45,301408.0
2021-03-05 14:45:00,129.75,130.4,129.75,130.01,289386.0
2021-03-05 14:30:00,129.18,129.83,128.81,129.7367,234227.0
2021-03-05 14:15:00,129.46,129.67,128.88,129.15,252235.0
2021-03-05 14:00:00,129.45,129.67,128.99,129.43,325351.0
2021-03-05 13:45:00,129.45,129.88,129.14,129.43,314095.0
2021-03-05 13:30:00,128.71,129.6,128.61,129.46,536171.0
2021-03-05 13:15:00,128.64,128.79,127.8,128.7422,350279.0
2021-03-05 13:00:00,128.59,128.91,128.12,128.63,321136.0
2021-03-05 12:45:00,128.3829,128.78,128.11,128.64,585805.0
2021-03-05 12:30:00,127.23,128.5,127.11,128.37,303221.0
2021-03-05 12:15:00,127.17,127.51,126.7564,127.22,299876.0
2021-03-05 12:00:00,126.78,127.3254,126.1,127.23,305187.0
2021-03-05 11:45:00,125.815,126.95,125.76,126.785,448000.0
2021-03-05 11:30:00,125.91,126.37,125.4,125.79,580496.0
2021-03-05 11:15:00,127.12,127.39,125.89,125.89,517681.0
2021-03-05 11:00:00,127.27,128.1,126.79,127.13,335463.0
2021-03-05 10:45:00,127.0,127.72,126.6918,127.295,506008.0
2021-03-05 10:30:00,127.59,128.15,126.95,126.95,383328.0
2021-03-05 10:15:00,127.8032,128.7585,127.45,127.59,397370.0
2021-03-05 10:00:00,129.24,129.34,127.32,127.8,576031.0
2021-03-05 09:45:00,130.92,131.166,128.55,129.29,1010243.0
2021-03-05 09:30:00,130.36,131.29,130.0,131.02,21168.0
2021-03-05 09:15:00,129.08,130.36,129.08,130.36,15988.0
2021-03-05 09:00:00,128.7,129.31,128.7,128.92,8421.0
2021-03-05 08:45:00,128.64,128.8,127.85,128.5,14586.0
2021-03-05 08:30:00,129.29,129.29,128.6,128.6,7719.0
2021-03-05 08:15:00,128.21,129.28,128.21,128.99,9222.0
2021-03-05 08:00:00,129.19,129.19,129.19,129.19,1107.0
2021-03-05 07:45:00,129.08,129.26,128.99,128.99,2733.0
2021-03-05 07:30:00,128.79,129.01,128.78,129.01,6513.0
2021-03-05 07:15:00,128.5,129.0,128.5,128.6,8020.0
2021-03-05 06:45:00,128.7,129.29,128.7,129.29,4194.0
2021-03-05 06:30:00,128.35,128.35,128.35,128.35,449.0
2021-03-05 05:15:00,127.85,127.85,127.85,127.85,504.0
2021-03-05 05:00:00,127.8,127.8,127.8,127.8,128.0
2021-03-05 04:45:00,127.9,127.9,127.8,127.8,1325.0
2021-03-05 04:30:00,127.95,127.95,127.79,127.79,1677.0
2021-03-05 04:15:00,127.8,128.03,127.8,128.03,940.0
2021-03-04 20:00:00,127.92,127.92,127.0,127.0,13755.0
2021-03-04 19:45:00,128.3,128.3,127.9,127.92,7187.0
2021-03-04 19:30:00,128.0,128.0,127.91,128.0,1006.0
2021-03-04 19:15:00,128.03,128.03,127.9,127.91,12569.0
2021-03-04 19:00:00,128.05,128.3,128.0,128.0,6295.0
2021-03-04 18:45:00,128.15,128.3,128.1,128.3,524.0
2021-03-04 18:30:00,128.1,128.2,128.0601,128.0601,2604.0
2021-03-04 18:15:00,128.2,128.2,128.06,128.15,2803.0
2021-03-04 18:00:00,127.8,128.3,127.8,128.2,28054.0
2021-03-04 17:45:00,128.23,128.23,128.1,128.16,1354.0
2021-03-04 17:30:00,128.1,128.1,128.1,128.1,941.0
2021-03-04 17:15:00,128.1,128.35,128.0,128.14,12194.0
2021-03-04 17:00:00,128.31,128.37,128.15,128.15,22065.0
2021-03-04 16:45:00,128.35,128.36,128.34,128.34,10943.0
2021-03-04 16:30:00,128.25,128.43,127.8,128.43,52492.0
2021-03-04 16:15:00,127.8,128.49,127.54,127.8,347213.0
2021-03-04 16:00:00,128.36,128.57,127.38,127.8,1353615.0
2021-03-04 15:45:00,128.22,128.64,127.77,128.37,509620.0
2021-03-04 15:30:00,127.62,128.3599,127.45,128.27,421509.0
2021-03-04 15:15:00,128.22,128.43,127.335,127.65,384377.0
2021-03-04 15:00:00,128.27,128.68,127.82,128.21,373796.0
2021-03-04 14:45:00,128.205,128.3853,127.66,128.3,387263.0
2021-03-04 14:30:00,127.48,128.46,127.1,128.28,381523.0
2021-03-04 14:15:00,126.67,127.73,126.6,127.5177,584513.0
2021-03-04 14:00:00,127.71,127.83,126.58,126.69,609436.0
2021-03-04 13:45:00,128.58,128.58,127.635,127.6901,346500.0
2021-03-04 13:30:00,127.95,128.6899,127.74,128.59,432874.0
2021-03-04 13:15:00,128.741,129.14,127.8,127.96,565734.0
2021-03-04 13:00:00,129.76,129.78,128.45,128.7522,594542.0
2021-03-04 12:45:00,130.475,130.57,129.47,129.78,442198.0
2021-03-04 12:30:00,131.2,131.91,130.02,130.4874,421862.0
2021-03-04 12:15:00,131.83,132.4,131.1,131.2,331951.0
2021-03-04 12:00:00,132.21,132.43,131.68,131.8247,212994.0
2021-03-04 11:45:00,131.42,132.34,131.28,132.2,227398.0
2021-03-04 11:30:00,131.26,132.12,131.155,131.4367,290835.0
2021-03-04 11:15:00,131.94,132.46,131.265,131.265,359607.0
2021-03-04 11:00:00,132.03,132.6,131.46,131.925,489114.0
2021-03-04 10:45:00,130.835,132.18,130.53,131.98,410771.0
2021-03-04 10:30:00,130.49,130.96,129.61,130.85,615821.0
2021-03-04 10:15:00,131.055,132.35,129.91,130.49,1651816.0
2021-03-04 10:00:00,132.88,132.923,130.83,131.02,729651.0
2021-03-04 09:45:00,132.35,134.2,132.16,132.88,963117.0
2021-03-04 09:30:00,132.99,133.32,132.25,132.25,10360.0
2021-03-04 09:15:00,132.8,132.8,132.5,132.6,5892.0
2021-03-04 09:00:00,133.0,133.0,132.5,132.6,6427.0
2021-03-04 08:45:00,132.38,133.24,132.25,132.89,11918.0
2021-03-04 08:30:00,131.7,132.39,131.7,132.39,4733.0
2021-03-04 08:15:00,132.0661,132.5,131.66,131.8,17024.0
2021-03-04 08:00:00,132.1,132.2,132.0,132.2,1272.0
2021-03-04 07:45:00,132.12,132.12,132.01,132.01,935.0
2021-03-04 07:30:00,132.24,132.5,132.24,132.5,2524.0
2021-03-04 07:15:00,131.85,132.09,131.66,132.09,7301.0
2021-03-04 07:00:00,132.09,132.09,132.09,132.09,303.0
2021-03-04 06:45:00,131.66,131.73,131.66,131.73,1078.0
2021-03-04 06:30:00,131.86,131.86,131.86,131.86,201.0
2021-03-04 06:15:00,131.68,131.92,131.68,131.92,697.0
2021-03-04 05:45:00,131.68,131.68,131.68,131.68,400.0
2021-03-04 05:15:00,131.74,131.92,131.68,131.92,2904.0
2021-03-04 05:00:00,131.74,131.74,131.74,131.74,100.0
2021-03-04 04:45:00,131.66,131.66,131.11,131.11,2641.0
2021-03-04 04:30:00,132.4,132.4,131.66,131.66,5301.0
2021-03-04 04:15:00,132.26,133.34,132.26,132.4,2621.0
2021-03-03 20:00:00,131.25,131.5,131.0,131.45,1363.0
2021-03-03 19:45:00,131.23,131.25,131.2,131.25,1295.0
2021-03-03 19:30:00,131.25,131.25,131.25,131.25,200.0
2021-03-03 19:15:00,131.07,131.1,131.07,131.1,331.0
2021-03-03 19:00:00,131.2,131.25,131.01,131.25,1055.0
2021-03-03 18:45:00,131.15,131.15,131.15,131.15,470.0
2021-03-03 18:30:00,131.52,131.52,131.35,131.35,3139.0
2021-03-03 18:15:00,131.75,131.75,131.59,131.59,1177.0
2021-03-03 18:00:00,131.95,131.95,131.75,131.75,427.0
2021-03-03 17:45:00,131.75,131.75,131.75,131.75,189.0
2021-03-03 17:30:00,131.6001,131.6001,131.6,131.6,587.0
2021-03-03 17:15:00,131.72,131.72,131.7,131.7,7440.0
2021-03-03 17:00:00,131.8,131.8,131.66,131.7,997.0
2021-03-03 16:45:00,131.66,131.8,131.6599,131.72,7911.0
2021-03-03 16:30:00,131.66,131.7,131.59,131.66,16641.0
2021-03-03 16:15:00,131.66,133.3186,131.63,133.3186,408911.0
2021-03-03 16:00:00,132.39,132.56,131.54,131.66,1094226.0
2021-03-03 15:45:00,132.06,132.6,131.89,132.41,525937.0
2021-03-03 15:30:00,132.07,132.48,131.84,132.09,504621.0
2021-03-03 15:15:00,132.36,132.58,132.01,132.05,543007.0
2021-03-03 15:00:00,132.2345,132.49,131.72,132.38,395334.0
2021-03-03 14:45:00,132.13,132.465,131.67,132.22,622148.0
2021-03-03 14:30:00,132.92,132.92,132.11,132.17,366837.0
2021-03-03 14:15:00,132.86,132.9499,132.2,132.9278,495579.0
2021-03-03 14:00:00,133.255,133.33,132.66,132.85,525499.0
2021-03-03 13:45:00,133.77,133.8,133.21,133.225,334572.0
2021-03-03 13:30:00,133.475,134.12,133.38,133.84,312119.0
2021-03-03 13:15:00,134.11,134.12,133.38,133.45,420673.0
2021-03-03 13:00:00,134.06,134.72,134.03,134.12,260243.0
2021-03-03 12:45:00,134.09,134.26,133.76,134.05,318983.0
2021-03-03 12:30:00,134.74,134.74,134.08,134.1,211742.0
2021-03-03 12:15:00,134.57,134.735,134.31,134.72,254089.0
2021-03-03 12:00:00,134.74,135.15,134.54,134.63,253384.0
2021-03-03 11:45:00,134.96,135.1,134.61,134.74,415352.0
2021-03-03 11:30:00,134.3,134.99,134.19,134.97,293132.0
2021-03-03 11:15:00,133.94,134.52,133.79,134.325,522956.0
2021-03-03 11:00:00,133.6314,134.21,133.48,133.95,567456.0
2021-03-03 10:45:00,133.67,134.07,133.46,133.645,455769.0
2021-03-03 10:30:00,133.9666,134.26,133.4556,133.71,780277.0
2021-03-03 10:15:00,134.81,135.045,133.94,133.94,653012.0
2021-03-03 10:00:00,135.37,135.4,134.62,134.83,618103.0
2021-03-03 09:45:00,135.6,136.1801,135.01,135.4026,936918.0
2021-03-03 09:30:00,136.1,136.29,135.59,135.6,8514.0
2021-03-03 09:15:00,136.15,136.45,136.15,136.3,3886.0
2021-03-03 09:00:00,136.07,136.19,136.07,136.15,9488.0
2021-03-03 08:45:00,136.93,136.93,136.18,136.18,6634.0
2021-03-03 08:30:00,136.9,137.0,136.9,137.0,2143.0
2021-03-03 08:15:00,137.7627,137.7627,136.85,136.98,6023.0
2021-03-03 08:00:00,137.33,137.33,137.33,137.33,607.0
2021-03-03 07:45:00,137.48,137.48,137.48,137.48,212.0
2021-03-03 07:30:00,137.25,137.74,137.25,137.74,2554.0
2021-03-03 07:15:00,138.0,138.0,137.5,137.5,3955.0
2021-03-03 06:45:00,138.0,138.0,137.8,137.8,410.0
2021-03-02 20:00:00,137.3021,137.3021,137.123,137.123,949.0
2021-03-02 19:45:00,136.924,137.3021,136.924,137.3021,801.0
2021-03-02 19:30:00,136.725,136.725,136.725,136.725,200.0
2021-03-02 19:15:00,136.6255,136.6255,136.6155,136.6255,936.0
2021-03-02 18:45:00,136.725,136.725,136.725,136.725,718.0
2021-03-02 18:30:00,136.4762,136.4762,136.4265,136.4762,942.0
2021-03-02 18:15:00,136.4265,136.4265,136.4265,136.4265,108.0
2021-03-02 18:00:00,136.4265,136.4265,136.4265,136.4265,504.0
2021-03-02 17:30:00,136.3767,136.3767,136.3668,136.3668,673.0
2021-03-02 17:00:00,136.2275,136.2275,136.2275,136.2275,127.0
2021-03-02 16:45:00,136.6155,136.6155,136.2275,136.2275,2665.0
2021-03-02 16:30:00,136.715,136.715,136.3668,136.715,2928.0
2021-03-02 16:15:00,136.3668,136.4364,136.327,136.3668,219688.0
2021-03-02 16:00:00,137.2623,137.4713,136.0981,136.3369,1206380.0
2021-03-02 15:45:00,137.6106,137.929,137.2225,137.2673,540614.0
2021-03-02 15:30:00,137.929,138.0087,137.4614,137.6106,229467.0
2021-03-02 15:15:00,138.0883,138.337,137.8892,137.9191,220623.0
2021-03-02 15:00:00,137.929,138.2773,137.8494,138.0883,143406.0
2021-03-02 14:45:00,137.929,138.148,137.8345,137.9191,194569.0
2021-03-02 14:30:00,138.0385,138.3271,137.8892,137.9192,153770.0
2021-03-02 14:15:00,138.5858,138.7649,138.0286,138.0584,189691.0
2021-03-02 14:00:00,138.5261,138.7948,138.4564,138.5858,176444.0
2021-03-02 13:45:00,138.2972,138.6555,138.2873,138.5361,148985.0
2021-03-02 13:30:00,138.4465,138.4465,138.0883,138.3122,156217.0
2021-03-02 13:15:00,138.2574,138.6057,138.2233,138.4465,135396.0
2021-03-02 13:00:00,138.4067,138.4863,138.148,138.2601,120223.0
2021-03-02 12:45:00,137.939,138.4763,137.8992,138.4337,173617.0
2021-03-02 12:30:00,137.73,138.1977,137.73,137.939,187230.0
2021-03-02 12:15:00,137.6902,138.1181,137.5012,137.745,214116.0
2021-03-02 12:00:00,137.3718,137.8345,137.2325,137.7101,306031.0
2021-03-02 11:45:00,137.6803,137.6902,137.2225,137.4017,342870.0
2021-03-02 11:30:00,137.6703,137.7897,137.322,137.7003,235527.0
2021-03-02 11:15:00,137.7897,138.138,137.4614,137.6703,191048.0
2021-03-02 11:00:00,137.5609,138.1181,137.4713,137.7997,232603.0
2021-03-02 10:45:00,137.5609,138.1032,137.3519,137.6106,304063.0
2021-03-02 10:30:00,137.949,138.3072,137.3519,137.5708,349693.0
2021-03-02 10:15:00,138.2773,138.7649,137.8395,137.949,378274.0
2021-03-02 10:00:00,138.0485,138.4863,137.6111,138.3072,321088.0
2021-03-02 09:45:00,139.3122,139.4117,137.949,138.0385,690409.0
2021-03-02 09:30:00,139.2923,139.551,139.2923,139.4316,4571.0
2021-03-02 09:15:00,139.0136,139.3023,139.0136,139.3023,1061.0
2021-03-02 09:00:00,139.0137,139.0236,139.0037,139.0137,1681.0
2021-03-02 08:45:00,138.7251,138.7251,138.6401,138.6401,976.0
2021-03-02 08:30:00,139.2923,139.3107,139.0137,139.0137,776.0
2021-03-02 08:15:00,139.2493,139.3122,138.3171,139.3122,881.0
2021-03-02 07:45:00,139.3023,139.3122,139.3023,139.3122,324.0
2021-03-02 07:30:00,138.8047,139.8098,138.8047,139.8098,1293.0
2021-03-02 07:15:00,138.8147,138.8147,138.8147,138.8147,654.0
2021-03-02 05:30:00,137.0534,137.0534,137.0534,137.0534,891.0
2021-03-02 04:30:00,137.322,137.322,137.0534,137.0534,412.0
2021-03-02 04:15:00,138.347,138.347,137.0534,137.0534,746.0
2021-03-01 20:00:00,139.7501,139.7501,139.6107,139.7501,803.0
2021-03-01 19:45:00,139.2625,140.7053,139.2625,139.6904,3920.0
2021-03-01 19:30:00,139.2127,139.2127,139.2127,139.2127,295.0
2021-03-01 19:15:00,139.3122,139.3122,139.3122,139.3122,200.0
2021-03-01 18:45:00,139.2824,139.2923,139.2824,139.2923,360.0
2021-03-01 18:15:00,139.1431,139.2127,139.1431,139.2127,646.0
2021-03-01 18:00:00,139.0336,139.0336,139.0336,139.0336,514.0
2021-03-01 17:45:00,138.8346,139.0336,138.5261,139.0336,1417.0
2021-03-01 17:30:00,138.8147,139.1728,138.8147,139.1728,1779.0
2021-03-01 17:15:00,139.0834,139.0834,138.9142,138.9142,787.0
2021-03-01 17:00:00,139.0137,139.0236,138.9142,138.9142,1840.0
2021-03-01 16:45:00,139.1132,139.1132,138.9639,138.9639,366.0
2021-03-01 16:30:00,139.1034,139.3022,138.8047,138.964,13485.0
2021-03-01 16:15:00,138.8047,138.9719,138.8047,138.9719,281451.0
2021-03-01 16:00:00,138.2628,138.944,137.9689,138.8147,1072048.0
2021-03-01 15:45:00,138.556,138.5759,137.949,138.3171,397526.0
2021-03-01 15:30:00,138.5958,138.6853,138.3271,138.556,285029.0
2021-03-01 15:15:00,138.745,138.9142,138.546,138.5659,277896.0
2021-03-01 15:00:00,138.6157,138.9142,138.3768,138.745,254378.0
2021-03-01 14:45:00,138.3569,138.6157,138.2126,138.6057,310638.0
2021-03-01 14:30:00,137.9241,138.3669,137.9042,138.3669,223830.0
2021-03-01 14:15:00,137.4514,137.9589,137.3818,137.9389,297978.0
2021-03-01 14:00:00,137.8295,137.8295,137.3619,137.4365,181553.0
2021-03-01 13:45:00,137.6504,137.929,137.3519,137.8196,253526.0
2021-03-01 13:30:00,137.8445,138.1181,137.6604,137.6604,160157.0
2021-03-01 13:15:00,137.9888,138.0385,137.74,137.8295,175736.0
2021-03-01 13:00:00,137.9888,138.138,137.8096,137.9689,111312.0
2021-03-01 12:45:00,137.9987,138.0982,137.8594,137.9888,185479.0
2021-03-01 12:30:00,138.0562,138.0982,137.6106,138.0087,254523.0
2021-03-01 12:15:00,138.0684,138.2276,137.847,138.0584,166794.0
2021-03-01 12:00:00,138.0087,138.1679,137.9191,138.0584,177293.0
2021-03-01 11:45:00,137.5012,138.0584,137.5012,138.0286,204119.0
2021-03-01 11:30:00,137.8295,137.9191,137.3619,137.4713,204239.0
2021-03-01 11:15:00,137.1827,137.8693,137.1827,137.8295,322200.0
2021-03-01 11:00:00,137.4912,137.4912,137.0335,137.1728,251378.0
2021-03-01 10:45:00,137.2325,137.5708,137.0534,137.4912,242504.0
2021-03-01 10:30:00,136.7996,137.4763,136.7996,137.2225,292117.0
2021-03-01 10:15:00,137.0235,137.2524,136.4464,136.8046,318031.0
2021-03-01 10:00:00,136.4762,137.128,136.307,137.0036,341956.0
2021-03-01 09:45:00,136.8245,137.531,135.7896,136.4215,939502.0
2021-03-01 09:30:00,137.4713,137.5211,136.8146,136.8245,7568.0
2021-03-01 09:15:00,137.5907,137.5907,137.3419,137.3419,839.0
2021-03-01 09:00:00,137.5907,137.8196,137.5907,137.7201,13080.0
2021-03-01 08:45:00,137.2723,137.8196,137.2723,137.5907,19828.0
2021-03-01 08:30:00,137.5708,137.5708,137.5707,137.5708,1588.0
2021-03-01 08:15:00,137.3419,137.5212,136.8356,137.4216,8007.0
2021-03-01 08:00:00,137.2822,137.6206,137.2822,137.5211,1906.0
2021-03-01 07:30:00,137.332,137.6206,137.322,137.322,1900.0
2021-03-01 07:15:00,137.8196,137.8196,137.6206,137.6405,1865.0
2021-03-01 06:30:00,137.9987,137.9987,137.8196,137.8196,666.0
2021-03-01 06:15:00,138.0684,138.0684,138.0684,138.0684,356.0
2021-03-01 06:00:00,138.1181,138.1181,138.1181,138.1181,301.0
2021-03-01 05:45:00,138.8147,139.3122,138.755,138.755,1237.0
2021-03-01 04:30:00,138.3171,138.3171,138.1181,138.1181,948.0
2021-03-01 04:15:00,138.1679,138.1679,138.1679,138.1679,268.0
2021-02-26 20:00:00,135.3319,135.511,135.3319,135.511,416.0
2021-02-26 19:45:00,134.904,134.904,134.904,134.904,204.0
2021-02-26 19:30:00,135.2324,135.511,135.2324,135.511,506.0
2021-02-26 19:15:00,135.3319,135.3319,135.3319,135.3319,150.0
2021-02-26 18:45:00,135.2125,135.2125,135.2125,135.2125,118.0
2021-02-26 18:30:00,135.3816,135.3816,135.2821,135.2821,687.0
2021-02-26 18:15:00,135.3319,135.3319,135.2821,135.2821,306.0
2021-02-26 17:45:00,135.3617,135.3617,135.3617,135.3617,149.0
2021-02-26 17:30:00,135.3418,135.3418,135.3418,135.3418,595.0
2021-02-26 17:00:00,135.3319,135.501,135.2523,135.501,1058.0
2021-02-26 16:45:00,135.5106,135.5106,135.2523,135.3319,59051.0
2021-02-26 16:30:00,135.7797,135.7797,135.2025,135.2025,2225.0
2021-02-26 16:15:00,135.5209,135.5309,135.0134,135.5209,525877.0
2021-02-26 16:00:00,136.108,136.6504,135.4413,135.5209,1125504.0
2021-02-26 15:45:00,135.7598,136.2971,135.5408,136.0981,450714.0
2021-02-26 15:30:00,136.0185,136.3668,135.5806,135.7797,451384.0
2021-02-26 15:15:00,136.0085,136.516,135.9787,136.0135,350402.0
2021-02-26 15:00:00,135.7299,136.4066,135.72,135.9837,351791.0
2021-02-26 14:45:00,135.7896,136.317,135.5806,135.6752,365311.0
2021-02-26 14:30:00,136.0981,136.2872,135.5508,135.7896,237380.0
2021-02-26 14:15:00,135.9289,136.3867,135.6802,136.113,268646.0
2021-02-26 14:00:00,136.6653,136.9041,135.919,135.9584,179521.0
2021-02-26 13:45:00,136.8544,136.9738,136.0782,136.6752,210829.0
2021-02-26 13:30:00,136.5061,136.9439,136.3767,136.8345,194150.0
2021-02-26 13:15:00,136.526,136.7349,136.0782,136.4762,224752.0
2021-02-26 13:00:00,136.6653,137.1678,136.3469,136.4762,152534.0
2021-02-26 12:45:00,137.0633,137.3768,136.5558,136.6852,168556.0
2021-02-26 12:30:00,137.2822,137.4614,136.924,137.0136,162453.0
2021-02-26 12:15:00,136.6553,137.4713,136.1478,137.322,279926.0
2021-02-26 12:00:00,136.8345,136.8942,136.3369,136.6255,205996.0
2021-02-26 11:45:00,136.0583,137.1429,135.9986,136.8693,317177.0
2021-02-26 11:30:00,135.8493,136.1578,135.511,136.0682,245897.0
2021-02-26 11:15:00,135.71,136.1976,135.4811,135.8294,324573.0
2021-02-26 11:00:00,135.3617,136.0384,135.3219,135.7399,405626.0
2021-02-26 10:45:00,134.2771,135.4513,134.0383,135.3617,534789.0
2021-02-26 10:30:00,135.2324,135.5508,134.1278,134.2671,549195.0
2021-02-26 10:15:00,135.3518,135.4513,134.401,135.2174,442874.0
2021-02-26 10:00:00,136.317,136.3668,134.9935,135.312,487621.0
2021-02-26 09:45:00,136.0881,136.5956,135.6005,136.356,927087.0
2021-02-26 09:30:00,136.0782,136.0782,135.2049,135.909,1789.0
2021-02-26 09:15:00,136.1279,136.2772,135.8294,136.2673,3436.0
2021-02-26 09:00:00,135.5806,136.2275,135.5806,136.1279,4753.0
2021-02-26 08:45:00,135.0332,135.8294,134.9338,135.8294,8815.0
2021-02-26 08:30:00,134.9338,135.0234,134.4117,134.8642,1673.0
2021-02-26 08:15:00,135.1528,135.2324,133.2626,135.1118,2980.0
2021-02-26 08:00:00,135.1329,135.1329,134.8343,134.8343,2787.0
2021-02-26 07:45:00,135.0731,135.302,135.0731,135.1329,1276.0
2021-02-26 07:30:00,134.8343,134.8343,134.3368,134.6652,4712.0
2021-02-26 07:00:00,133.2322,133.3616,133.2322,133.3616,759.0
2021-02-26 06:45:00,134.3368,134.3368,133.8392,133.8392,1111.0
2021-02-26 06:15:00,134.4562,134.4562,134.4562,134.4562,258.0
2021-02-26 05:30:00,134.7249,134.7547,134.7249,134.7547,888.0
2021-02-26 05:15:00,134.3368,134.3368,134.3368,134.3368,100.0
2021-02-26 05:00:00,134.3368,134.3368,134.3368,134.3368,335.0
2021-02-26 04:30:00,134.3368,134.3368,134.3368,134.3368,2292.0
2021-02-25 20:00:00,132.7446,133.3417,132.7446,132.9437,10281.0
2021-02-25 19:45:00,133.5308,133.5308,132.5456,133.0928,5460.0
2021-02-25 19:30:00,134.2373,134.2373,133.5307,133.5307,7843.0
2021-02-25 19:15:00,134.3368,134.3865,134.3368,134.3368,1090.0
2021-02-25 19:00:00,134.4164,134.9637,134.3467,134.3467,688.0
2021-02-25 18:45:00,134.7348,134.9836,134.3865,134.9836,711.0
2021-02-25 18:30:00,134.8343,134.8343,134.5358,134.7348,1360.0
2021-02-25 18:15:00,134.7249,134.7348,134.5856,134.7348,3053.0
2021-02-25 18:00:00,134.2869,134.2869,134.2869,134.2869,1027.0
2021-02-25 17:45:00,134.8144,134.8144,134.2771,134.2771,960.0
2021-02-25 17:30:00,134.4363,134.8144,134.4363,134.8144,1252.0
2021-02-25 17:15:00,134.486,134.5855,134.486,134.496,748.0
2021-02-25 17:00:00,135.0333,135.0333,134.3368,134.3368,8211.0
2021-02-25 16:45:00,135.1329,135.8095,134.8343,135.1329,15485.0
2021-02-25 16:30:00,134.8642,135.3319,134.8642,135.3319,15515.0
2021-02-25 16:15:00,134.8642,135.7598,134.8642,135.3418,507634.0
2021-02-25 16:00:00,135.312,135.7697,134.5856,134.6353,1354670.0
2021-02-25 15:45:00,134.9537,135.4378,134.3567,135.3319,700430.0
2021-02-25 15:30:00,135.4115,135.5707,134.8343,134.9836,556433.0
2021-02-25 15:15:00,136.3568,136.5359,135.3518,135.4314,408096.0
2021-02-25 15:00:00,136.4513,136.7847,136.2474,136.3966,209398.0
2021-02-25 14:45:00,137.4116,137.4713,136.4165,136.4812,277689.0
2021-02-25 14:30:00,137.0335,137.541,137.0235,137.4216,224547.0
2021-02-25 14:15:00,136.4265,137.2126,136.2772,137.0335,262430.0
2021-02-25 14:00:00,137.1429,137.2026,136.1677,136.4862,243326.0
2021-02-25 13:45:00,137.2225,137.332,136.5857,137.1529,230958.0
2021-02-25 13:30:00,136.9141,137.4514,136.526,137.2623,262119.0
2021-02-25 13:15:00,136.0384,136.9638,135.4811,136.8942,454934.0
2021-02-25 13:00:00,136.6255,136.934,135.7797,136.0483,516998.0
2021-02-25 12:45:00,136.6852,136.8245,136.3071,136.6056,278205.0
2021-02-25 12:30:00,137.0434,137.1927,136.6056,136.6951,225495.0
2021-02-25 12:15:00,136.7449,137.1927,136.3668,137.0932,315595.0
2021-02-25 12:00:00,137.1826,137.4912,136.715,136.8643,465322.0
2021-02-25 11:45:00,137.9888,137.9888,137.0932,137.1827,315216.0
2021-02-25 11:30:00,138.4694,138.9341,137.8793,138.0186,237078.0
2021-02-25 11:15:00,138.0176,138.5659,137.7002,138.4949,219084.0
2021-02-25 11:00:00,137.5907,138.148,137.322,137.9987,427803.0
2021-02-25 10:45:00,138.3967,138.5361,137.5211,137.6206,385644.0
2021-02-25 10:30:00,138.1778,139.163,138.0634,138.3768,314650.0
2021-02-25 10:15:00,138.954,138.9739,137.8196,138.2077,876765.0
2021-02-25 10:00:00,139.3023,139.561,138.8147,138.8689,558613.0
2021-02-25 09:45:00,138.8744,140.1381,138.5958,139.2923,654888.0
2021-02-25 09:30:00,139.0684,139.163,138.8108,138.9938,3490.0
2021-02-25 09:15:00,139.4515,139.4515,139.0336,139.0435,2873.0
2021-02-25 09:00:00,139.6306,139.6306,139.3122,139.6306,1192.0
2021-02-25 08:45:00,139.1331,139.7799,139.1331,139.7799,2422.0
2021-02-25 08:30:00,139.1132,139.1132,139.0834,139.0834,2113.0
2021-02-25 08:15:00,139.3223,139.76,139.2127,139.2127,14538.0
2021-02-25 08:00:00,139.6605,139.6705,139.3421,139.4117,2508.0
2021-02-25 07:45:00,139.969,139.969,139.5709,139.6705,2445.0
2021-02-25 07:30:00,139.6406,139.9192,139.6406,139.7998,4377.0
2021-02-25 07:15:00,139.3122,139.6804,139.3122,139.5311,1446.0
2021-02-25 07:00:00,139.3122,139.3122,139.3122,139.3122,440.0
2021-02-24 20:00:00,140.4566,140.7551,140.4267,140.4267,598.0
2021-02-24 19:45:00,140.6954,140.775,140.6954,140.7551,2563.0
2021-02-24 19:30:00,140.5959,140.6058,140.4665,140.6058,1447.0
2021-02-24 19:15:00,140.5063,140.5064,140.5063,140.5063,2100.0
2021-02-24 19:00:00,140.5063,140.5959,140.5063,140.5959,1200.0
2021-02-24 18:45:00,140.5262,140.5262,140.5063,140.5063,207.0
2021-02-24 18:30:00,140.5362,140.6058,140.5362,140.6058,434.0
2021-02-24 18:15:00,140.3174,140.6058,140.3174,140.4168,1537.0
2021-02-24 18:00:00,140.3074,140.6655,140.3074,140.4068,1068.0
2021-02-24 17:45:00,140.4566,140.4566,140.3073,140.3073,4422.0
2021-02-24 17:30:00,140.4068,140.6954,140.3173,140.4567,30465.0
2021-02-24 17:15:00,140.4068,140.5063,140.3073,140.3197,2744.0
2021-02-24 17:00:00,140.3073,140.4068,140.3073,140.3073,2263.0
2021-02-24 16:45:00,140.2078,140.3869,139.9988,140.3869,2285.0
2021-02-24 16:30:00,140.3073,140.3073,140.1083,140.168,2012.0
2021-02-24 16:15:00,140.4068,140.5163,139.8695,140.4068,913565.0
2021-02-24 16:00:00,139.6705,140.4864,139.6506,140.3521,905990.0
2021-02-24 15:45:00,139.2923,139.7768,139.1928,139.6804,358391.0
2021-02-24 15:30:00,139.0435,139.362,138.954,139.3122,298426.0
2021-02-24 15:15:00,139.3066,139.362,139.0037,139.0435,219573.0
2021-02-24 15:00:00,139.4814,139.4913,139.0933,139.3023,182833.0
2021-02-24 14:45:00,139.0137,139.561,138.8943,139.4814,340268.0
2021-02-24 14:30:00,138.8346,139.1729,138.7351,139.0037,317952.0
2021-02-24 14:15:00,139.0535,139.1928,138.6754,138.8047,256325.0
2021-02-24 14:00:00,139.1431,139.1729,138.8644,139.0435,212514.0
2021-02-24 13:45:00,138.8843,139.2625,138.8545,139.1331,389209.0
2021-02-24 13:30:00,138.9092,139.0834,138.7052,138.8744,317323.0
2021-02-24 13:15:00,138.546,138.9341,138.138,138.914,348829.0
2021-02-24 13:00:00,138.6057,139.0236,138.4863,138.5062,351583.0
2021-02-24 12:45:00,138.3967,139.2625,138.3967,138.546,887805.0
2021-02-24 12:30:00,138.0286,138.4664,137.9888,138.3669,328301.0
2021-02-24 12:15:00,137.7897,138.2176,137.7201,137.9689,381481.0
2021-02-24 12:00:00,136.7051,137.8196,136.7051,137.7872,335793.0
2021-02-24 11:45:00,136.8444,137.1927,136.6852,136.6852,204858.0
2021-02-24 11:30:00,136.1727,137.0733,136.1478,136.8245,415141.0
2021-02-24 11:15:00,135.7996,136.2872,135.7996,136.1777,435713.0
2021-02-24 11:00:00,135.6403,135.9787,135.1428,135.8493,392986.0
2021-02-24 10:45:00,135.8095,136.0881,135.3617,135.6304,269510.0
2021-02-24 10:30:00,134.6065,135.8493,134.4761,135.8294,834797.0
2021-02-24 10:15:00,135.2921,135.4115,134.4287,134.6055,640315.0
2021-02-24 10:00:00,135.1229,136.4364,134.8542,135.3059,609345.0
2021-02-24 09:45:00,135.7299,136.3668,134.7348,135.1528,879999.0
2021-02-24 09:30:00,135.8294,136.0384,135.5309,135.7299,15722.0
2021-02-24 09:15:00,135.7498,136.4862,135.6005,135.71,4461.0
2021-02-24 09:00:00,137.4216,137.6206,135.8294,135.8294,18511.0
2021-02-24 08:45:00,137.4325,137.7201,137.4216,137.4216,3410.0
2021-02-24 08:30:00,138.0684,138.1679,137.4405,137.4405,5008.0
2021-02-24 08:15:00,137.5708,138.0684,137.5708,137.8415,7587.0
2021-02-24 08:00:00,137.8992,138.1082,137.8992,138.0684,5804.0
2021-02-24 07:45:00,137.9689,137.9689,137.8693,137.8693,799.0
2021-02-24 07:30:00,137.9191,137.9987,137.9191,137.9788,989.0
2021-02-24 07:15:00,137.7201,137.7698,137.332,137.5211,4575.0
2021-02-24 07:00:00,137.5808,137.9987,137.5808,137.8096,1412.0
2021-02-24 06:45:00,137.8196,138.0087,137.322,138.0087,3756.0
2021-02-24 06:15:00,137.9788,137.9788,137.6305,137.6305,632.0
2021-02-24 06:00:00,138.0186,138.0186,138.0186,138.0186,262.0
2021-02-24 05:45:00,137.9589,137.9589,137.9589,137.9589,150.0
2021-02-24 05:30:00,138.138,138.138,138.138,138.138,102.0
2021-02-24 05:15:00,137.9689,137.9689,137.949,137.9689,656.0
2021-02-23 20:00:00,136.725,136.924,136.5956,136.6056,1615.0
2021-02-23 19:45:00,136.5757,136.715,136.5757,136.6255,6163.0
2021-02-23 19:15:00,136.5757,136.5757,136.4464,136.4464,434.0
2021-02-23 19:00:00,136.327,136.5756,136.1379,136.5756,849.0
2021-02-23 18:45:00,136.1379,136.1379,136.1379,136.1379,200.0
2021-02-23 18:30:00,136.3767,136.4464,136.3071,136.4464,784.0
2021-02-23 18:15:00,136.317,136.317,136.317,136.317,191.0
2021-02-23 18:00:00,136.2275,136.317,136.2275,136.317,2138.0
2021-02-23 17:45:00,136.2263,136.3169,136.1777,136.1777,804.0
2021-02-23 17:30:00,136.0384,136.0384,136.0284,136.0284,674.0
2021-02-23 17:15:00,136.1478,136.1478,136.0284,136.0284,425.0
2021-02-23 17:00:00,136.1279,136.1279,136.1279,136.1279,618.0
2021-02-23 16:45:00,136.2142,136.327,136.2142,136.327,521.0
2021-02-23 16:30:00,136.1279,136.1279,135.9488,136.1279,4086.0
2021-02-23 16:15:00,136.4464,136.4464,135.9289,135.9289,113219.0
2021-02-23 16:00:00,137.2325,137.2822,136.2872,136.3668,1164209.0
2021-02-23 15:45:00,137.5907,137.73,137.0932,137.2723,464168.0
2021-02-23 15:30:00,137.4116,137.7997,137.2424,137.5882,528619.0
2021-02-23 15:15:00,136.8942,137.4216,136.6653,137.4216,460629.0
2021-02-23 15:00:00,136.0981,136.9832,136.0085,136.9141,244044.0
2021-02-23 14:45:00,136.1876,136.337,135.6403,136.0782,205462.0
2021-02-23 14:30:00,135.6702,136.2275,135.6603,136.1628,264400.0
2021-02-23 14:15:00,135.3916,135.9389,135.2413,135.6876,240410.0
2021-02-23 14:00:00,135.1926,135.6304,135.0234,135.3916,268868.0
2021-02-23 13:45:00,135.4015,135.8195,135.0632,135.2025,367877.0
2021-02-23 13:30:00,135.312,135.6603,135.0532,135.3816,434579.0
2021-02-23 13:15:00,134.2174,135.3617,134.1427,135.3319,357733.0
2021-02-23 13:00:00,134.3865,134.9736,134.0781,134.2074,519602.0
2021-02-23 12:45:00,135.3319,135.5309,134.2721,134.3766,376518.0
2021-02-23 12:30:00,134.3865,135.3816,134.098,135.3319,335021.0
2021-02-23 12:15:00,135.2622,135.2622,134.1776,134.4064,546496.0
2021-02-23 12:00:00,135.3717,135.7349,134.9637,135.3319,323288.0
2021-02-23 11:45:00,136.118,136.2275,135.3418,135.3717,350801.0
2021-02-23 11:30:00,136.7349,136.9656,135.7498,136.0782,392206.0
2021-02-23 11:15:00,136.3867,136.924,136.1976,136.6752,399017.0
2021-02-23 11:00:00,136.7051,137.2623,136.1279,136.3369,521179.0
2021-02-23 10:45:00,136.7548,136.8544,136.1578,136.715,480082.0
2021-02-23 10:30:00,135.8095,137.3519,135.3518,136.7449,609298.0
2021-02-23 10:15:00,135.6403,136.3469,135.113,135.8195,652337.0
2021-02-23 10:00:00,134.9587,135.72,133.7795,135.6404,967979.0
2021-02-23 09:45:00,135.71,136.2474,134.7547,134.9769,1565475.0
2021-02-23 09:30:00,134.7547,135.501,134.7547,135.501,12826.0
2021-02-23 09:15:00,135.5607,135.6702,134.8343,134.8343,9299.0
2021-02-23 09:00:00,135.8394,135.8394,134.9438,135.2324,6113.0
2021-02-23 08:45:00,135.6403,136.1326,135.6403,135.6958,3161.0
2021-02-23 08:30:00,135.8891,136.515,135.302,135.6802,13546.0
2021-02-23 08:15:00,136.7349,136.8245,135.3319,135.8692,38938.0
2021-02-23 08:00:00,135.4811,135.6702,135.4811,135.6702,3165.0
2021-02-23 07:45:00,136.6951,136.6951,135.4811,135.4811,4132.0
2021-02-23 07:30:00,136.6553,136.715,136.6155,136.6255,7193.0
2021-02-23 07:15:00,135.5309,137.5907,135.3816,136.725,13486.0
2021-02-23 07:00:00,135.3319,135.3319,135.1627,135.1627,567.0
2021-02-23 06:45:00,135.3319,135.5309,135.3319,135.5309,1988.0
2021-02-23 06:30:00,135.3319,135.3319,134.9637,135.3319,1325.0
2021-02-23 06:15:00,134.8343,134.8343,134.486,134.8343,2177.0
2021-02-23 06:00:00,134.4064,134.8343,134.3368,134.8343,6349.0
2021-02-23 05:45:00,134.3368,134.6353,134.3368,134.5358,5428.0
2021-02-23 05:30:00,135.2324,135.2324,134.5955,134.6353,3006.0
2021-02-23 05:15:00,136.327,136.327,136.1279,136.1279,949.0
2021-02-23 05:00:00,136.327,136.4563,136.327,136.327,1794.0
2021-02-23 04:45:00,137.322,137.322,136.3469,136.3469,3879.0
2021-02-23 04:30:00,137.322,137.322,137.322,137.322,225.0
2021-02-23 04:15:00,138.3171,138.3171,137.5211,137.5211,1695.0
2021-02-22 20:00:00,138.9739,138.9739,138.8147,138.8147,3749.0
2021-02-22 19:45:00,138.9739,138.9739,138.9639,138.9739,2950.0
2021-02-22 19:30:00,138.9639,138.9639,138.9142,138.9142,1533.0
2021-02-22 19:15:00,139.1132,139.1132,138.9639,138.9639,4221.0
2021-02-22 18:45:00,139.1132,139.1132,139.0634,139.0634,1645.0
2021-02-22 18:30:00,139.1033,139.1132,139.1033,139.1132,1947.0
2021-02-22 18:15:00,139.0137,139.0336,139.0137,139.0336,1691.0
2021-02-22 18:00:00,138.9938,139.1033,138.9938,139.1033,1224.0
2021-02-22 17:45:00,139.0412,139.0434,139.0037,139.0434,726.0
2021-02-22 17:30:00,138.9142,138.9142,138.9142,138.9142,1694.0
2021-02-22 17:15:00,138.954,139.1033,138.7749,139.0348,2151.0
2021-02-22 17:00:00,138.9241,139.0411,138.9241,138.954,2479.0
2021-02-22 16:45:00,138.8644,139.0426,138.8644,139.0137,2756.0
2021-02-22 16:30:00,139.1132,139.1132,138.7749,139.0336,198832.0
2021-02-22 16:15:00,138.7749,140.6108,138.6555,139.1132,796984.0
2021-02-22 16:00:00,138.7848,139.0734,138.6256,138.7749,1195521.0
2021-02-22 15:45:00,139.1331,139.2724,138.3967,138.7649,1048912.0
2021-02-22 15:30:00,139.9491,140.168,139.0933,139.1331,744181.0
2021-02-22 15:15:00,140.3969,140.4466,139.8496,139.9658,356504.0
2021-02-22 15:00:00,140.4715,140.6755,140.3571,140.3969,189435.0
2021-02-22 14:45:00,140.465,140.546,140.3272,140.4665,206299.0
2021-02-22 14:30:00,140.377,140.5461,140.372,140.4566,195851.0
2021-02-22 14:15:00,140.4864,140.5461,140.2775,140.367,246401.0
2021-02-22 14:00:00,140.5262,140.6994,140.4367,140.4914,185410.0
2021-02-22 13:45:00,140.5511,140.775,140.377,140.5262,257882.0
2021-02-22 13:30:00,140.4367,140.6257,140.168,140.566,415492.0
2021-02-22 13:15:00,140.8347,140.8646,140.4267,140.4466,250591.0
2021-02-22 13:00:00,140.6257,140.9442,140.4665,140.8596,314497.0
2021-02-22 12:45:00,140.566,140.8795,140.3571,140.6066,275876.0
2021-02-22 12:30:00,140.5262,140.7153,140.3869,140.5859,272919.0
2021-02-22 12:15:00,140.7153,140.7153,140.3471,140.5063,332540.0
2021-02-22 12:00:00,141.2725,141.382,140.6556,140.7432,302151.0
2021-02-22 11:45:00,141.2875,141.4616,141.0238,141.2875,269741.0
2021-02-22 11:30:00,141.2128,141.5512,141.1631,141.2974,252268.0
2021-02-22 11:15:00,141.0337,141.3721,140.974,141.2731,347180.0
2021-02-22 11:00:00,141.9691,141.9691,141.0238,141.0437,465082.0
2021-02-22 10:45:00,141.9492,142.1582,141.5114,142.0079,425590.0
2021-02-22 10:30:00,142.6259,142.6259,141.7701,141.9492,331093.0
2021-02-22 10:15:00,143.0776,143.412,142.5463,142.606,269485.0
2021-02-22 10:00:00,143.0239,143.3921,142.6955,143.1029,349098.0
2021-02-22 09:45:00,141.5512,143.2605,141.4298,142.9841,816986.0
2021-02-22 09:30:00,142.6458,142.6955,141.5512,141.5512,24283.0
2021-02-22 09:15:00,142.4965,142.795,142.4965,142.6955,6811.0
2021-02-22 09:00:00,142.4781,142.497,142.397,142.497,1687.0
2021-02-22 08:45:00,142.7541,142.7541,142.2975,142.3199,1098.0
2021-02-22 08:30:00,142.3473,142.3473,142.2675,142.2676,3668.0
2021-02-22 08:15:00,142.3033,142.795,142.2975,142.3472,9952.0
2021-02-22 08:00:00,142.3472,142.5463,142.198,142.5463,10760.0
2021-02-22 07:45:00,142.5463,142.5463,142.5463,142.5463,649.0
2021-02-22 07:30:00,142.5363,142.5463,142.5363,142.5463,1516.0
2021-02-22 07:15:00,142.3472,142.3472,142.3472,142.3472,1181.0
2021-02-22 06:45:00,142.4965,142.4965,142.4965,142.4965,489.0
2021-02-22 05:30:00,142.6458,143.2926,142.6458,143.2926,1237.0
2021-02-22 04:15:00,143.1831,143.5015,142.2975,143.5015,1981.0
2021-02-19 20:00:00,144.1682,144.2877,144.1682,144.1682,1087.0
2021-02-19 19:45:00,144.1881,144.1881,144.1881,144.1881,200.0
2021-02-19 19:00:00,144.218,144.2877,144.218,144.2877,548.0
2021-02-19 18:45:00,144.0389,144.0389,144.0389,144.0389,102.0
2021-02-19 18:15:00,144.2379,144.2976,144.2379,144.2976,1385.0
2021-02-19 17:45:00,144.1881,144.1881,144.1881,144.1881,150.0
2021-02-19 17:30:00,144.3076,144.3076,144.1881,144.2877,1624.0
2021-02-19 17:15:00,144.1782,144.2877,144.1782,144.2877,3098.0
2021-02-19 17:00:00,144.1284,144.2877,144.1284,144.2877,4487.0
2021-02-19 16:45:00,144.0389,144.1284,143.9991,144.1284,4726.0
2021-02-19 16:30:00,143.9532,143.9692,143.9532,143.9692,350.0
2021-02-19 16:15:00,144.228,144.3076,143.7901,144.228,663750.0
2021-02-19 16:00:00,143.7105,144.2678,143.6508,144.2379,596738.0
2021-02-19 15:45:00,143.9195,143.9991,143.7006,143.7254,365204.0
2021-02-19 15:30:00,143.9692,144.3772,143.8647,143.8996,259815.0
2021-02-19 15:15:00,143.7104,144.1085,143.5911,143.9493,166712.0
2021-02-19 15:00:00,143.6309,143.7702,143.4617,143.7105,134069.0
2021-02-19 14:45:00,143.2926,143.6508,143.2926,143.6409,112534.0
2021-02-19 14:30:00,143.4219,143.7105,143.2329,143.2727,232681.0
2021-02-19 14:15:00,143.2926,143.5612,143.2727,143.4219,166361.0
2021-02-19 14:00:00,143.3921,143.4219,143.0637,143.2926,188327.0
2021-02-19 13:45:00,143.3129,143.417,143.0438,143.3921,165549.0
2021-02-19 13:30:00,143.0239,143.4319,142.9343,143.3324,138272.0
2021-02-19 13:15:00,143.1433,143.2926,142.795,143.0637,166955.0
2021-02-19 13:00:00,143.3224,143.3619,142.7851,143.1632,202407.0
2021-02-19 12:45:00,143.5015,143.5911,143.0388,143.3373,250297.0
2021-02-19 12:30:00,143.7354,144.0686,143.3622,143.5097,204261.0
2021-02-19 12:15:00,143.7205,144.0488,143.5612,143.7603,572559.0
2021-02-19 12:00:00,144.427,144.4568,143.6807,143.7503,256384.0
2021-02-19 11:45:00,144.2628,144.7852,144.2628,144.4469,323534.0
2021-02-19 11:30:00,143.8598,144.3673,143.7404,144.2678,409606.0
2021-02-19 11:15:00,143.8498,143.9394,143.6807,143.8598,217387.0
2021-02-19 11:00:00,143.7382,143.8598,143.3324,143.8498,333240.0
2021-02-19 10:45:00,143.8299,143.9294,143.5911,143.7006,268942.0
2021-02-19 10:30:00,143.6906,144.0886,143.6359,143.82,265290.0
2021-02-19 10:15:00,144.254,144.3076,143.4816,143.6757,457155.0
2021-02-19 10:00:00,144.5663,144.5663,143.6508,144.2081,1177119.0
2021-02-19 09:45:00,144.0687,145.1335,144.0687,144.6254,900067.0
2021-02-19 09:30:00,144.0588,144.0986,143.8996,144.0986,5617.0
2021-02-19 09:15:00,144.1384,144.1384,143.9095,144.0886,1224.0
2021-02-19 09:00:00,144.1384,144.1384,144.0687,144.0886,638.0
2021-02-19 08:45:00,143.8996,144.0389,143.8896,143.8996,1465.0
2021-02-19 08:30:00,143.9394,144.1384,143.8896,143.8896,2220.0
2021-02-19 08:15:00,143.7204,143.8797,143.4518,143.8498,13155.0
2021-02-19 08:00:00,143.6906,143.7901,143.6906,143.7901,1343.0
2021-02-19 07:45:00,143.7404,143.7404,143.6409,143.6409,3881.0
2021-02-19 07:30:00,143.5612,143.7901,143.4916,143.7901,3568.0
2021-02-19 07:15:00,143.4916,143.5911,143.4418,143.5413,4272.0
2021-02-19 06:45:00,143.5811,143.5811,143.5811,143.5811,126.0
2021-02-19 05:45:00,143.402,143.4916,143.2926,143.2926,1156.0
2021-02-19 05:30:00,143.412,143.412,143.412,143.412,163.0
2021-02-19 05:00:00,143.6906,143.6906,143.6906,143.6906,100.0
2021-02-18 20:00:00,142.994,142.994,142.8945,142.8945,954.0
2021-02-18 19:45:00,143.213,143.213,143.1632,143.1632,251.0
2021-02-18 19:30:00,143.1533,143.1533,143.1433,143.1433,1270.0
2021-02-18 19:15:00,143.2229,143.2229,143.2229,143.2229,1055.0
2021-02-18 19:00:00,143.1931,143.1931,143.1931,143.1931,299.0
2021-02-18 18:45:00,143.1831,143.2229,143.1831,143.2229,936.0
2021-02-18 18:30:00,143.1931,143.1931,143.1135,143.1135,482.0
2021-02-18 18:15:00,143.1831,143.1931,143.1831,143.1931,423.0
2021-02-18 18:00:00,143.1035,143.203,143.0936,143.203,1123.0
2021-02-18 17:45:00,143.0936,143.0936,143.0936,143.0936,369.0
2021-02-18 17:30:00,143.1575,143.1575,143.0338,143.0338,521.0
2021-02-18 17:15:00,143.203,143.203,143.203,143.203,104.0
2021-02-18 17:00:00,143.0939,143.1831,142.9144,143.1831,1274.0
2021-02-18 16:45:00,143.1821,143.1821,143.1821,143.1821,129.0
2021-02-18 16:30:00,143.0936,143.0936,142.9144,142.9144,912.0
2021-02-18 16:15:00,143.203,143.203,142.9144,143.1632,98004.0
2021-02-18 16:00:00,142.9122,143.3523,142.805,143.1334,636279.0
2021-02-18 15:45:00,143.3821,143.5612,142.8945,142.9144,413422.0
2021-02-18 15:30:00,143.4916,143.611,143.3125,143.3887,231195.0
2021-02-18 15:15:00,143.1035,143.5396,143.0438,143.5016,145841.0
2021-02-18 15:00:00,142.9244,143.2329,142.8547,143.1284,141204.0
2021-02-18 14:45:00,143.0936,143.1433,142.8796,142.9045,88382.0
2021-02-18 14:30:00,143.2826,143.3523,142.795,143.0936,180185.0
2021-02-18 14:15:00,143.2727,143.5115,143.1434,143.2627,206935.0
2021-02-18 14:00:00,143.2176,143.4418,143.1732,143.2428,138415.0
2021-02-18 13:45:00,143.3224,143.3622,143.1234,143.2188,193033.0
2021-02-18 13:30:00,142.606,143.36,142.5463,143.3224,233249.0
2021-02-18 13:15:00,142.9542,142.9636,142.5264,142.596,184157.0
2021-02-18 13:00:00,143.1433,143.2229,142.9045,142.9542,137926.0
2021-02-18 12:45:00,143.1334,143.213,142.9542,143.1533,201939.0
2021-02-18 12:30:00,142.5761,143.193,142.4766,143.1433,215362.0
2021-02-18 12:15:00,142.5264,142.6607,142.2577,142.591,354851.0
2021-02-18 12:00:00,142.7652,142.8249,142.4368,142.5363,263329.0
2021-02-18 11:45:00,142.7353,142.9682,142.5662,142.7652,227523.0
2021-02-18 11:30:00,142.7851,143.2428,142.6358,142.7353,356934.0
2021-02-18 11:15:00,143.4219,143.5513,142.6268,142.795,284113.0
2021-02-18 11:00:00,142.8647,143.5513,142.596,143.3821,252240.0
2021-02-18 10:45:00,142.5562,142.9244,142.4069,142.8846,295671.0
2021-02-18 10:30:00,143.0637,143.0737,142.4767,142.5662,382319.0
2021-02-18 10:15:00,143.2329,143.4617,142.9542,143.1432,393527.0
2021-02-18 10:00:00,143.6501,143.9891,143.2428,143.2428,421941.0
2021-02-18 09:45:00,142.8348,143.9493,142.397,143.5811,726221.0
2021-02-18 09:30:00,142.387,142.994,142.2975,142.8448,25084.0
2021-02-18 09:15:00,142.4268,142.5463,142.2975,142.397,10182.0
2021-02-18 09:00:00,142.7453,142.8348,142.5761,142.6955,5731.0
2021-02-18 08:45:00,142.994,142.994,142.7254,142.7552,6874.0
2021-02-18 08:30:00,142.994,142.994,142.9542,142.9542,2139.0
2021-02-18 08:15:00,142.9692,143.0438,142.596,143.0338,4849.0
2021-02-18 08:00:00,142.994,142.994,142.8448,142.8448,578.0
2021-02-18 07:45:00,142.9741,143.1334,142.9343,142.994,922.0
2021-02-18 07:30:00,142.795,142.8846,142.795,142.8448,1055.0
2021-02-18 07:15:00,142.9244,143.0836,142.7055,142.9542,3958.0
2021-02-18 06:15:00,142.606,142.606,142.596,142.596,666.0
2021-02-18 06:00:00,142.805,142.8348,142.805,142.8348,416.0
2021-02-18 05:45:00,143.1533,143.1533,143.1533,143.1533,238.0
2021-02-18 05:00:00,143.2826,143.2926,143.2826,143.2926,500.0
2021-02-18 04:30:00,143.2926,143.2926,143.2926,143.2926,115.0
2021-02-17 20:00:00,144.1881,144.2479,144.1881,144.2479,2487.0
2021-02-17 19:15:00,144.1384,144.1384,144.0389,144.0389,3735.0
2021-02-17 19:00:00,144.1284,144.1384,144.1284,144.1384,500.0
2021-02-17 18:45:00,143.9891,144.0389,143.9891,144.0389,2055.0
2021-02-17 18:30:00,144.0388,144.0388,143.9891,143.9891,887.0
2021-02-17 18:15:00,144.019,144.0389,143.9891,144.0389,1082.0
2021-02-17 18:00:00,144.0389,144.0389,144.0289,144.0289,273.0
2021-02-17 17:45:00,143.9891,143.9891,143.9891,143.9891,219.0
2021-02-17 17:30:00,143.9891,144.0389,143.9891,143.9891,617.0
2021-02-17 17:15:00,144.019,144.019,143.9891,144.019,624.0
2021-02-17 17:00:00,144.0388,144.0389,144.0289,144.0289,705.0
2021-02-17 16:45:00,144.0289,144.0389,144.0289,144.0389,1725.0
2021-02-17 16:30:00,144.0389,144.0389,143.82,143.82,308.0
2021-02-17 16:15:00,144.0389,144.0389,143.8498,144.0387,1089627.0
2021-02-17 16:00:00,143.9294,144.2379,143.8001,144.019,799556.0
2021-02-17 15:45:00,144.0787,144.2877,143.8598,143.9254,337313.0
2021-02-17 15:30:00,144.218,144.2777,144.0389,144.0737,280590.0
2021-02-17 15:15:00,144.228,144.4867,144.1086,144.2031,248734.0
2021-02-17 15:00:00,143.9493,144.3175,143.9344,144.1981,145641.0
2021-02-17 14:45:00,143.6359,144.1085,143.5214,143.9493,152490.0
2021-02-17 14:30:00,143.9593,144.019,143.5115,143.6309,237862.0
2021-02-17 14:15:00,143.7603,144.4859,143.7603,143.9444,219545.0
2021-02-17 14:00:00,144.1981,144.2578,143.7105,143.7205,191615.0
2021-02-17 13:45:00,144.0123,144.2678,143.8399,144.218,204604.0
2021-02-17 13:30:00,143.81,144.0936,143.6336,144.009,201366.0
2021-02-17 13:15:00,143.2313,144.0222,143.203,143.7901,349124.0
2021-02-17 13:00:00,143.2528,143.6906,143.0538,143.2229,245936.0
2021-02-17 12:45:00,142.9139,143.2926,142.8846,143.2677,298769.0
2021-02-17 12:30:00,143.1234,143.2129,142.81,142.8945,345021.0
2021-02-17 12:15:00,143.0637,143.5513,142.7158,143.1135,498305.0
2021-02-17 12:00:00,143.0438,143.412,142.8945,143.0637,408518.0
2021-02-17 11:45:00,143.2528,143.5961,142.8647,143.0637,407535.0
2021-02-17 11:30:00,143.4418,143.5712,142.9045,143.2776,495357.0
2021-02-17 11:15:00,144.0289,144.1284,143.4319,143.4418,278058.0
2021-02-17 11:00:00,143.7006,144.0986,143.203,144.0339,444648.0
2021-02-17 10:45:00,143.9593,143.9593,143.3224,143.7105,503479.0
2021-02-17 10:30:00,144.8051,145.0286,143.7205,143.9493,585005.0
2021-02-17 10:15:00,145.5464,145.7405,144.6857,144.825,325085.0
2021-02-17 10:00:00,145.3225,146.1684,145.2927,145.5116,344605.0
2021-02-17 09:45:00,145.1086,145.3823,143.9394,145.2827,817538.0
2021-02-17 09:30:00,145.0539,146.5098,144.9444,145.0638,10296.0
2021-02-17 09:15:00,145.7803,145.7803,145.2628,145.2628,7206.0
2021-02-17 09:00:00,145.9793,146.1286,145.5813,145.5813,6713.0
2021-02-17 08:45:00,145.9296,146.0291,145.9296,145.9395,1953.0
2021-02-17 08:30:00,146.437,146.437,146.0888,146.0888,7006.0
2021-02-17 08:15:00,146.2778,146.8022,146.241,146.4768,2637.0
2021-02-17 07:30:00,146.3773,146.3773,146.3674,146.3773,2564.0
2021-02-17 07:15:00,146.2778,146.3773,146.238,146.238,1542.0
2021-02-17 07:00:00,145.9893,145.9893,145.9893,145.9893,200.0
2021-02-17 05:30:00,145.9296,145.9296,145.9296,145.9296,270.0
2021-02-17 05:15:00,145.9793,145.9793,145.9793,145.9793,196.0
2021-02-16 20:00:00,146.2779,146.2779,146.2778,146.2778,377.0
2021-02-16 19:30:00,146.3773,146.3773,146.2778,146.2778,1874.0
2021-02-16 19:15:00,146.3475,146.3475,146.3475,146.3475,570.0
2021-02-16 19:00:00,146.3873,146.3873,146.3375,146.3475,978.0
2021-02-16 18:45:00,146.3276,146.3873,146.3276,146.3873,275.0
2021-02-16 18:30:00,146.6658,146.6658,146.2778,146.2778,326.0
2021-02-16 18:15:00,146.437,146.5764,146.437,146.437,3415.0
2021-02-16 18:00:00,146.3176,146.4271,146.3176,146.4271,5453.0
2021-02-16 17:45:00,146.2346,146.2346,146.1286,146.1286,798.0
2021-02-16 17:30:00,146.1286,146.1286,146.1286,146.1286,108.0
2021-02-16 17:15:00,146.437,146.437,146.437,146.437,178291.0
2021-02-16 17:00:00,146.1485,146.1485,146.1385,146.1385,971.0
2021-02-16 16:45:00,146.1584,146.447,146.1584,146.447,404.0
2021-02-16 16:30:00,146.1783,146.1783,146.0092,146.1783,1361.0
2021-02-16 16:15:00,146.437,146.437,146.0191,146.2778,685574.0
2021-02-16 16:00:00,146.0589,146.5266,145.8897,146.437,633674.0
2021-02-16 15:45:00,146.0129,146.1972,145.8997,146.039,258702.0
2021-02-16 15:30:00,146.1087,146.1435,145.8997,145.9942,156087.0
2021-02-16 15:15:00,146.0689,146.2082,145.8499,146.1186,148942.0
2021-02-16 15:00:00,145.9743,146.1087,145.7305,146.0937,128249.0
2021-02-16 14:45:00,145.7703,146.3446,145.6012,145.9694,323309.0
2021-02-16 14:30:00,145.4519,145.8498,145.3425,145.7504,215069.0
2021-02-16 14:15:00,145.4121,145.7007,145.3425,145.4569,237929.0
2021-02-16 14:00:00,145.9793,146.039,145.4022,145.432,318593.0
2021-02-16 13:45:00,146.0569,146.2679,145.631,145.9793,253031.0
2021-02-16 13:30:00,146.3176,146.4171,146.0092,146.0689,156425.0
2021-02-16 13:15:00,146.4311,146.5764,146.248,146.3176,127210.0
2021-02-16 13:00:00,146.1186,146.5246,145.9495,146.447,201035.0
2021-02-16 12:45:00,146.1485,146.3773,146.0788,146.0888,151907.0
2021-02-16 12:30:00,146.3674,146.4868,146.0987,146.1584,161798.0
2021-02-16 12:15:00,146.3674,146.6361,145.9296,146.3375,270819.0
2021-02-16 12:00:00,146.7256,146.7256,146.2331,146.4171,250200.0
2021-02-16 11:45:00,146.447,146.7754,146.1087,146.7256,260604.0
2021-02-16 11:30:00,146.6759,146.7356,146.248,146.4669,390040.0
2021-02-16 11:15:00,146.6979,146.8251,146.5565,146.7013,297679.0
2021-02-16 11:00:00,146.7754,147.1774,146.5266,146.7057,388178.0
2021-02-16 10:45:00,147.671,147.7804,146.6361,146.7953,446636.0
2021-02-16 10:30:00,146.7256,147.726,146.4768,147.6229,418277.0
2021-02-16 10:15:00,146.9993,147.4272,146.5664,146.7129,490000.0
2021-02-16 10:00:00,147.452,148.2012,146.9445,147.0277,518339.0
2021-02-16 09:45:00,148.268,149.0044,147.0006,147.4819,1114297.0
2021-02-16 09:30:00,147.5515,148.4173,147.5515,148.3078,32395.0
2021-02-16 09:15:00,147.7706,147.8202,147.6312,147.6312,18004.0
2021-02-16 09:00:00,147.7705,147.9993,147.6312,147.87,7082.0
2021-02-16 08:45:00,148.069,148.069,147.7705,147.7705,2501.0
2021-02-16 08:30:00,148.1187,148.268,148.069,148.0789,6138.0
2021-02-16 08:15:00,148.5168,148.6063,147.87,148.069,16348.0
2021-02-16 08:00:00,147.8899,148.1386,147.87,148.1386,2994.0
2021-02-16 07:45:00,148.2083,148.2083,148.1784,148.1784,1260.0
2021-02-16 07:30:00,148.5168,148.5168,148.1187,148.268,12105.0
2021-02-16 07:15:00,148.4173,148.5665,148.4173,148.5367,10388.0
2021-02-16 06:30:00,148.3178,148.6163,148.3178,148.6063,1922.0
2021-02-16 06:15:00,148.4869,148.4869,148.4869,148.4869,2410.0
2021-02-16 06:00:00,148.3377,148.3377,148.3377,148.3377,122.0
2021-02-16 05:45:00,148.3576,148.3576,148.3178,148.3178,934.0
2021-02-16 05:15:00,148.3775,148.3775,148.3775,148.3775,1062.0
2021-02-16 04:45:00,148.3078,148.3078,148.3078,148.3078,737.0
2021-02-16 04:30:00,148.7755,148.7755,148.7656,148.7656,922.0
2021-02-16 04:15:00,147.4222,148.8253,147.4222,148.8253,2172.0
2021-02-12 20:00:00,147.2729,147.2729,147.1237,147.253,2092.0
2021-02-12 19:45:00,147.2232,147.2729,147.1734,147.2729,1872.0
2021-02-12 19:30:00,147.1734,147.1933,147.1734,147.1933,1248.0
2021-02-12 19:15:00,147.2033,147.2033,147.1734,147.1734,1608.0
2021-02-12 19:00:00,147.1933,147.1933,147.1933,147.1933,150.0
2021-02-12 18:45:00,147.2729,147.2729,147.2331,147.2331,584.0
2021-02-12 18:30:00,147.1635,147.263,147.1237,147.1933,2281.0
2021-02-12 18:15:00,147.1436,147.1635,147.1436,147.1635,516.0
2021-02-12 18:00:00,147.1137,147.1535,147.1137,147.1535,642.0
2021-02-12 17:45:00,147.1137,147.253,147.1137,147.1137,1329.0
2021-02-12 17:30:00,147.1615,147.1615,147.1615,147.1615,232.0
2021-02-12 17:15:00,147.0042,147.1535,147.0042,147.1535,427.0
2021-02-12 17:00:00,147.0052,147.0241,147.0043,147.0043,1079.0
2021-02-12 16:45:00,147.0241,147.253,147.0042,147.2132,12720.0
2021-02-12 16:30:00,147.1734,147.1734,146.9545,147.0042,3382.0
2021-02-12 16:15:00,147.253,147.253,147.064,147.1734,158405.0
2021-02-12 16:00:00,146.5862,147.263,146.3475,147.253,918861.0
2021-02-12 15:45:00,146.7057,146.9726,146.5664,146.5863,448145.0
2021-02-12 15:30:00,146.6858,146.7455,146.5764,146.7057,199700.0
2021-02-12 15:15:00,146.9744,147.0142,146.6361,146.6916,192978.0
2021-02-12 15:00:00,146.7057,147.0927,146.6759,146.9744,217169.0
2021-02-12 14:45:00,146.9697,146.993,146.4072,146.6858,225837.0
2021-02-12 14:30:00,146.7355,147.0241,146.7187,146.9843,258826.0
2021-02-12 14:15:00,146.7356,146.8052,146.5017,146.7353,331366.0
2021-02-12 14:00:00,146.6757,146.8052,146.5813,146.7344,176750.0
2021-02-12 13:45:00,146.6361,146.8749,146.6063,146.6809,197051.0
2021-02-12 13:30:00,146.6858,146.7878,146.1385,146.6361,321219.0
2021-02-12 13:15:00,146.261,146.7057,146.238,146.6709,386408.0
2021-02-12 13:00:00,145.8955,150.6562,145.7902,146.2579,266512.0
2021-02-12 12:45:00,146.2281,146.2281,145.7803,145.8798,161012.0
2021-02-12 12:30:00,145.8499,146.3982,145.7405,146.2331,320768.0
2021-02-12 12:15:00,145.7922,145.913,145.7305,145.8499,204316.0
2021-02-12 12:00:00,145.83,145.9296,145.7902,145.8052,137495.0
2021-02-12 11:45:00,145.9694,146.1783,145.7902,145.8251,143776.0
2021-02-12 11:30:00,145.9385,146.1584,145.8201,145.9296,189779.0
2021-02-12 11:15:00,146.1385,146.1883,145.7604,145.9395,253000.0
2021-02-12 11:00:00,146.4171,146.4968,146.039,146.1088,288277.0
2021-02-12 10:45:00,145.9594,146.4868,145.642,146.4569,403790.0
2021-02-12 10:30:00,145.6509,146.3077,145.6012,145.9793,521841.0
2021-02-12 10:15:00,145.4619,145.7007,145.3624,145.641,289661.0
2021-02-12 10:00:00,145.0688,145.6907,144.8748,145.5216,445425.0
2021-02-12 09:45:00,144.8549,145.3922,144.1533,145.034,634695.0
2021-02-12 09:30:00,144.4867,144.8549,144.1384,144.8449,8462.0
2021-02-12 09:15:00,144.2777,144.3374,144.1085,144.3374,7043.0
2021-02-12 09:00:00,144.7753,144.7753,144.2877,144.2877,3700.0
2021-02-12 08:45:00,144.5663,144.8151,144.5364,144.8151,1704.0
2021-02-12 08:30:00,144.5961,144.6061,144.4867,144.4867,1534.0
2021-02-12 08:15:00,145.233,145.233,144.5663,144.835,10000.0
2021-02-12 08:00:00,144.825,144.825,144.5862,144.5862,1517.0
2021-02-12 07:45:00,144.6857,144.7852,144.6857,144.7852,1158.0
2021-02-12 07:30:00,144.7852,144.7852,144.7852,144.7852,2057.0
2021-02-12 07:15:00,145.0837,145.2827,145.0837,145.0937,6902.0
2021-02-12 07:00:00,145.0837,145.0837,145.0837,145.0837,2515.0
2021-02-12 06:45:00,144.8449,145.034,144.8449,145.034,1579.0
2021-02-12 06:00:00,144.8947,144.8947,144.8947,144.8947,200.0
2021-02-12 04:30:00,144.3374,144.3374,144.3374,144.3374,364.0
2021-02-12 04:15:00,145.6111,145.6111,144.3374,144.3374,665.0
2021-02-11 20:00:00,144.6857,144.7753,144.5862,144.7753,2730.0
2021-02-11 19:30:00,144.7753,144.7753,144.7753,144.7753,320.0
2021-02-11 19:15:00,144.7753,144.7852,144.7753,144.7852,468.0
2021-02-11 18:45:00,144.5862,144.6359,144.5862,144.6359,1494.0
2021-02-11 18:30:00,144.4369,144.4369,144.4369,144.4369,107.0
2021-02-11 18:15:00,144.4469,144.5862,144.4469,144.4867,1378.0
2021-02-11 18:00:00,144.4668,144.5862,144.4469,144.4866,1604.0
2021-02-11 17:45:00,144.6359,144.6857,144.5862,144.5862,1439.0
2021-02-11 17:15:00,144.4469,144.8449,144.4369,144.5364,14943.0
2021-02-11 17:00:00,144.5265,144.6359,144.4369,144.4867,3398.0
2021-02-11 16:45:00,144.7048,144.7653,144.4867,144.5165,2147.0
2021-02-11 16:30:00,144.6857,144.7852,144.6822,144.6857,1701.0
2021-02-11 16:15:00,144.8449,144.8449,144.606,144.8449,67713.0
2021-02-11 16:00:00,144.3374,144.9544,144.2777,144.8549,840885.0
2021-02-11 15:45:00,145.0041,145.0539,144.3175,144.3374,423074.0
2021-02-11 15:30:00,144.6883,145.0539,144.5809,145.024,433250.0
2021-02-11 15:15:00,144.2429,144.7354,144.0488,144.6956,290608.0
2021-02-11 15:00:00,144.2376,144.3374,144.0886,144.2429,260448.0
2021-02-11 14:45:00,143.8697,144.2479,143.6807,144.2082,227171.0
2021-02-11 14:30:00,143.5413,143.9493,143.3523,143.8697,195424.0
2021-02-11 14:15:00,143.4717,143.6209,143.2249,143.5463,293244.0
2021-02-11 14:00:00,143.8896,143.8896,143.4319,143.4816,290537.0
2021-02-11 13:45:00,143.5811,144.0389,143.5314,143.8896,272776.0
2021-02-11 13:30:00,143.5314,143.6807,143.402,143.5862,203778.0
2021-02-11 13:15:00,143.5651,143.6309,143.1135,143.5612,225381.0
2021-02-11 13:00:00,143.312,143.6508,142.9841,143.581,221176.0
2021-02-11 12:45:00,142.8846,143.5811,142.8249,143.2775,401011.0
2021-02-11 12:30:00,143.5712,143.5712,142.8249,142.8547,734817.0
2021-02-11 12:15:00,143.6508,143.9394,143.5015,143.5836,294844.0
2021-02-11 12:00:00,143.6856,143.7702,143.3523,143.6309,498220.0
2021-02-11 11:45:00,143.8647,143.8996,143.5911,143.6856,387678.0
2021-02-11 11:30:00,143.82,143.9394,143.7205,143.8697,258588.0
2021-02-11 11:15:00,143.7463,144.0712,143.6132,143.8349,397759.0
2021-02-11 11:00:00,144.0389,144.3573,143.6508,143.7702,457263.0
2021-02-11 10:45:00,144.0986,144.3237,143.8001,144.0389,379514.0
2021-02-11 10:30:00,143.6458,144.1185,143.5214,144.0886,598274.0
2021-02-11 10:15:00,143.9891,144.228,143.5413,143.6309,479623.0
2021-02-11 10:00:00,144.616,144.6857,143.7205,143.9792,847533.0
2021-02-11 09:45:00,145.0638,145.8499,144.4867,144.6131,806663.0
2021-02-11 09:30:00,145.2728,145.2728,144.8051,144.8051,9622.0
2021-02-11 09:15:00,145.1832,145.2927,145.1832,145.2727,2773.0
2021-02-11 09:00:00,145.213,145.2827,145.1832,145.2031,5199.0
2021-02-11 08:45:00,145.1534,145.2131,145.1534,145.2031,4291.0
2021-02-11 08:30:00,144.9842,145.1832,144.9842,145.1335,6067.0
2021-02-11 08:15:00,144.9544,145.1832,144.8847,145.0837,9329.0
2021-02-11 08:00:00,145.0837,145.1832,145.0638,145.1832,1191.0
2021-02-11 07:45:00,145.0837,145.1832,145.0837,145.1832,1325.0
2021-02-11 07:30:00,144.9345,144.9345,144.9046,144.9146,1542.0
2021-02-11 07:15:00,145.2031,145.2031,144.9444,144.9842,2806.0
2021-02-11 07:00:00,145.3325,145.3325,145.3325,145.3325,474.0
2021-02-11 06:30:00,145.2827,145.2827,145.2827,145.2827,311.0
2021-02-11 06:00:00,145.2529,145.2529,145.2529,145.2529,106.0
2021-02-10 20:00:00,144.5862,144.5862,144.417,144.417,1660.0
2021-02-10 19:45:00,144.626,144.626,144.4668,144.4668,778.0
2021-02-10 19:30:00,144.4867,144.7056,144.4469,144.4867,1493.0
2021-02-10 19:15:00,144.5862,144.5862,144.5862,144.5862,605.0
2021-02-10 19:00:00,144.6658,144.6757,144.4867,144.4867,1961.0
2021-02-10 18:45:00,144.4469,144.5862,144.4469,144.5862,1572.0
2021-02-10 18:30:00,144.4867,144.5862,144.4369,144.4369,810.0
2021-02-10 18:15:00,144.6459,144.6857,144.5364,144.5364,1217.0
2021-02-10 18:00:00,144.6459,144.7155,144.6359,144.7155,1370.0
2021-02-10 17:45:00,144.6857,144.6857,144.6857,144.6857,637.0
2021-02-10 17:30:00,144.6857,144.7321,144.6857,144.6857,2973.0
2021-02-10 17:15:00,144.7355,144.7852,144.6857,144.6857,1518.0
2021-02-10 17:00:00,144.7056,144.7852,144.6857,144.7354,19378.0
2021-02-10 16:45:00,144.6857,144.7852,144.626,144.7852,2613.0
2021-02-10 16:30:00,144.5066,144.7852,144.4767,144.5862,9456.0
2021-02-10 16:15:00,144.7852,144.7852,144.3573,144.5762,158775.0
2021-02-10 16:00:00,144.3722,144.8449,144.2877,144.7753,976168.0
2021-02-10 15:45:00,145.3524,145.3823,144.3673,144.385,475887.0
2021-02-10 15:30:00,145.641,145.6609,145.2927,145.3325,196014.0
2021-02-10 15:15:00,145.5813,145.7566,145.4718,145.641,257481.0
2021-02-10 15:00:00,145.3524,145.5671,145.2383,145.5663,185180.0
2021-02-10 14:45:00,145.6509,145.6708,145.2628,145.3683,204807.0
2021-02-10 14:30:00,144.8748,145.6509,144.7852,145.6509,191155.0
2021-02-10 14:15:00,144.8151,145.1036,144.7553,144.8309,164906.0
2021-02-10 14:00:00,144.7155,144.8687,144.4469,144.825,143939.0
2021-02-10 13:45:00,144.8051,144.9345,144.6857,144.7255,117368.0
2021-02-10 13:30:00,145.0091,145.1832,144.5464,144.8051,1219065.0
2021-02-10 13:15:00,145.0489,145.1633,144.8151,145.0141,166913.0
2021-02-10 13:00:00,145.0041,145.1932,144.9544,145.0837,153144.0
2021-02-10 12:45:00,145.1135,145.1325,144.7987,145.0539,128454.0
2021-02-10 12:30:00,144.9743,145.2226,144.5364,145.1036,244796.0
2021-02-10 12:15:00,144.7255,144.9942,144.2479,144.9942,281221.0
2021-02-10 12:00:00,144.6784,145.2031,144.5265,144.7205,267408.0
2021-02-10 11:45:00,144.3673,144.7852,144.0886,144.652,306362.0
2021-02-10 11:30:00,144.7553,144.7553,144.2379,144.3233,358381.0
2021-02-10 11:15:00,144.5066,144.7852,143.8846,144.7603,372773.0
2021-02-10 11:00:00,143.7304,144.7145,143.7115,144.5553,525750.0
2021-02-10 10:45:00,144.8648,145.034,143.6608,143.6608,899745.0
2021-02-10 10:30:00,145.5613,145.9226,144.2379,144.9643,1080558.0
2021-02-10 10:15:00,145.9296,146.353,145.5594,145.5713,528115.0
2021-02-10 10:00:00,145.7803,146.3375,145.5813,145.9296,481268.0
2021-02-10 09:45:00,146.8948,147.0241,145.6211,145.8201,926070.0
2021-02-10 09:30:00,146.2879,147.2033,145.4591,146.7754,24475.0
2021-02-10 09:15:00,146.3574,146.4271,146.2778,146.3673,8709.0
2021-02-10 09:00:00,146.3475,146.3773,146.2878,146.3276,8263.0
2021-02-10 08:45:00,146.2976,146.3176,146.2778,146.2977,4065.0
2021-02-10 08:30:00,146.1982,146.2977,146.1982,146.2977,3446.0
2021-02-10 08:15:00,146.2777,146.3674,146.1286,146.1485,17347.0
2021-02-10 08:00:00,146.1783,146.2281,146.0788,146.0788,2663.0
2021-02-10 07:45:00,146.2778,146.2778,146.0788,146.0788,3976.0
2021-02-10 07:30:00,146.3276,146.3375,146.1883,146.3375,3461.0
2021-02-10 07:15:00,146.3176,146.3176,146.1783,146.3176,3959.0
2021-02-10 06:15:00,146.0092,146.2181,146.0092,146.2181,1202.0
2021-02-10 05:30:00,146.2778,146.2778,146.2778,146.2778,249.0
2021-02-10 05:15:00,146.1485,146.238,146.1485,146.238,308.0
2021-02-10 04:15:00,145.7803,145.7803,145.7803,145.7803,274.0
2021-02-09 20:00:00,145.4022,145.631,145.3922,145.631,4756.0
2021-02-09 19:45:00,145.631,145.631,145.3922,145.3922,2922.0
2021-02-09 19:30:00,145.6907,145.7206,145.6609,145.6609,2828.0
2021-02-09 19:15:00,145.7106,145.7206,145.631,145.7206,600.0
2021-02-09 19:00:00,145.7106,145.7803,145.5813,145.7205,2099.0
2021-02-09 18:45:00,145.5415,145.7405,145.5415,145.7206,3779.0
2021-02-09 18:30:00,145.442,145.5813,145.442,145.4619,1344.0
2021-02-09 18:15:00,145.3922,145.6808,145.3922,145.5813,2098.0
2021-02-09 18:00:00,145.6211,145.7703,145.6211,145.6808,3132.0
2021-02-09 17:45:00,145.5315,145.6211,145.5315,145.6211,10820.0
2021-02-09 17:30:00,145.6244,145.7803,145.6244,145.631,6124.0
2021-02-09 17:15:00,145.8499,145.8499,145.5818,145.5818,757.0
2021-02-09 17:00:00,145.3922,145.8798,145.3922,145.8798,13752.0
2021-02-09 16:45:00,145.4121,145.4221,145.3356,145.4221,13512.0
2021-02-09 16:30:00,145.3823,145.4619,145.3333,145.3482,23625.0
2021-02-09 16:15:00,145.3922,145.4619,145.3225,145.3922,231742.0
2021-02-09 16:00:00,145.7554,145.8101,145.1832,145.3823,1190488.0
2021-02-09 15:45:00,145.9405,145.9694,145.7206,145.7554,575332.0
2021-02-09 15:30:00,146.2679,146.3574,145.9395,145.9396,344651.0
2021-02-09 15:15:00,146.049,146.2756,145.9097,146.2579,201317.0
2021-02-09 15:00:00,145.9495,146.0639,145.8897,146.0585,215153.0
2021-02-09 14:45:00,146.3326,146.4669,145.9496,145.9694,259115.0
2021-02-09 14:30:00,146.437,146.5366,146.2579,146.3178,223243.0
2021-02-09 14:15:00,146.0986,146.4768,146.0191,146.44,242557.0
2021-02-09 14:00:00,146.0301,146.2778,145.8897,146.0987,228391.0
2021-02-09 13:45:00,146.0191,146.2579,145.7305,146.0454,326919.0
2021-02-09 13:30:00,146.1684,146.2281,145.9793,146.0092,278174.0
2021-02-09 13:15:00,146.2828,146.3971,146.1385,146.1706,238751.0
2021-02-09 13:00:00,146.3475,146.4968,146.238,146.2828,257036.0
2021-02-09 12:45:00,146.5742,146.7056,146.248,146.3375,287214.0
2021-02-09 12:30:00,146.8948,147.044,146.4868,146.5586,202854.0
2021-02-09 12:15:00,146.85,146.9993,146.5565,146.9147,243263.0
2021-02-09 12:00:00,146.8188,147.1911,146.7555,146.8351,223723.0
2021-02-09 11:45:00,146.9545,147.3462,146.6858,146.7953,394400.0
2021-02-09 11:30:00,147.4122,147.4316,146.2181,146.9644,502744.0
2021-02-09 11:15:00,147.064,147.7705,146.8749,147.3923,1067251.0
2021-02-09 11:00:00,146.8749,147.1535,146.5714,147.054,419698.0
2021-02-09 10:45:00,146.6659,147.0421,146.4968,146.8709,283005.0
2021-02-09 10:30:00,146.3375,147.0739,146.2977,146.651,457559.0
2021-02-09 10:15:00,146.0688,146.4271,145.8798,146.3447,421436.0
2021-02-09 10:00:00,145.9097,147.054,145.5017,146.039,631604.0
2021-02-09 09:45:00,146.8251,147.054,145.3924,145.8698,1126948.0
2021-02-09 09:30:00,146.3773,147.0938,146.0788,147.0042,21649.0
2021-02-09 09:15:00,146.4776,146.6361,146.3773,146.3972,6748.0
2021-02-09 09:00:00,146.646,146.656,146.4271,146.5664,6428.0
2021-02-09 08:45:00,146.5266,146.6659,146.5266,146.6062,3657.0
2021-02-09 08:30:00,146.6659,146.7555,146.5764,146.5863,6145.0
2021-02-09 08:15:00,146.7256,147.0222,146.3873,146.6261,16569.0
2021-02-09 08:00:00,146.5863,146.7157,146.5366,146.7057,2384.0
2021-02-09 07:45:00,146.6062,146.7953,146.6062,146.7953,7757.0
2021-02-09 07:30:00,146.646,146.646,146.5764,146.6162,1560.0
2021-02-09 07:15:00,146.7754,146.7754,146.646,146.7256,10872.0
2021-02-09 06:45:00,146.6759,146.6759,146.6759,146.6759,341.0
2021-02-09 06:30:00,146.7754,146.7754,146.6759,146.6759,785.0
2021-02-09 06:15:00,146.8749,146.8749,146.7853,146.7853,572.0
2021-02-09 06:00:00,146.9943,146.9943,146.7953,146.7953,500.0
2021-02-09 05:45:00,146.9545,146.9545,146.9545,146.9545,436.0
2021-02-09 05:30:00,147.0739,147.0739,147.0739,147.0739,1100.0
2021-02-09 05:15:00,146.8749,146.8749,146.7754,146.7754,1228.0
2021-02-09 05:00:00,146.8649,147.1237,146.8649,147.1237,304.0
2021-02-09 04:45:00,147.0839,147.1734,147.0839,147.0839,2231.0
2021-02-09 04:15:00,146.855,146.8749,146.8351,146.8749,837.0
2021-02-08 20:00:00,146.4271,146.5067,146.2778,146.5067,5495.0
2021-02-08 19:45:00,146.447,146.4768,146.4072,146.437,1920.0
2021-02-08 19:30:00,146.4768,146.4768,146.4072,146.4072,1416.0
2021-02-08 19:15:00,146.5366,146.5366,146.447,146.4768,1315.0
2021-02-08 19:00:00,146.6759,146.6759,146.5565,146.5565,641.0
2021-02-08 18:45:00,146.7455,146.7555,146.5764,146.7256,3399.0
2021-02-08 18:30:00,146.7057,146.7455,146.6958,146.7455,2225.0
2021-02-08 18:15:00,146.6659,146.7256,146.6659,146.6659,1723.0
2021-02-08 18:00:00,146.7455,146.7555,146.6659,146.666,2458.0
2021-02-08 17:45:00,146.4271,146.7455,146.4271,146.7057,3389.0
2021-02-08 17:30:00,146.4768,146.7256,146.4171,146.4171,12215.0
2021-02-08 17:15:00,146.5167,146.5167,146.4171,146.4768,4656.0
2021-02-08 17:00:00,146.4868,146.656,146.4271,146.4768,47289.0
2021-02-08 16:45:00,146.3972,146.656,146.3773,146.4868,9929.0
2021-02-08 16:30:00,146.4768,146.656,146.4271,146.4271,4380.0
2021-02-08 16:15:00,146.656,146.656,145.3922,146.4868,240815.0
2021-02-08 16:00:00,146.173,146.7853,145.9793,146.656,1041414.0
2021-02-08 15:45:00,146.442,146.4868,146.1289,146.1684,404350.0
2021-02-08 15:30:00,146.1982,146.4768,146.1584,146.437,387690.0
2021-02-08 15:15:00,146.1485,146.2778,146.0788,146.2181,211657.0
2021-02-08 15:00:00,146.0042,146.2778,145.8698,146.1186,314409.0
2021-02-08 14:45:00,145.9561,146.0788,145.8499,146.0037,168808.0
2021-02-08 14:30:00,145.9992,146.0689,145.8193,145.9594,182411.0
2021-02-08 14:15:00,145.6571,146.0689,145.5514,146.0132,220115.0
2021-02-08 14:00:00,145.8517,145.9694,145.5017,145.6609,237251.0
2021-02-08 13:45:00,145.9594,146.0291,145.6012,145.8698,252251.0
2021-02-08 13:30:00,146.0997,146.1733,145.7803,145.9544,234918.0
2021-02-08 13:15:00,145.5116,146.1684,145.3528,146.0987,341777.0
2021-02-08 13:00:00,145.7305,145.9619,145.2728,145.5116,343713.0
2021-02-08 12:45:00,145.4619,145.7198,145.3524,145.7198,199218.0
2021-02-08 12:30:00,145.3745,145.4917,145.0937,145.4469,352647.0
2021-02-08 12:15:00,145.034,145.4022,144.9942,145.3823,300028.0
2021-02-08 12:00:00,145.1332,145.223,144.9444,145.024,328443.0
2021-02-08 11:45:00,145.6111,145.6211,145.0539,145.1285,371377.0
2021-02-08 11:30:00,145.5713,145.6251,145.1633,145.6251,360023.0
2021-02-08 11:15:00,145.8798,145.9196,145.3811,145.5711,279541.0
2021-02-08 11:00:00,145.5713,145.9594,145.4221,145.8848,352064.0
2021-02-08 10:45:00,145.3126,145.9395,145.0141,145.545,541785.0
2021-02-08 10:30:00,145.3975,145.6162,144.9942,145.3186,500925.0
2021-02-08 10:15:00,145.7554,146.0235,145.1908,145.432,662221.0
2021-02-08 10:00:00,145.233,146.2281,145.0439,145.7803,719128.0
2021-02-08 09:45:00,146.3773,146.8749,144.5862,145.2728,1528061.0
2021-02-08 09:30:00,145.5813,146.4271,145.4917,146.4271,28473.0
2021-02-08 09:15:00,145.9196,145.9196,145.5912,145.7902,24194.0
2021-02-08 09:00:00,145.9793,146.049,145.8798,145.8897,9542.0
2021-02-08 08:45:00,145.9296,145.9793,145.9296,145.9495,12448.0
2021-02-08 08:30:00,145.7902,145.9793,145.7902,145.9793,11731.0
2021-02-08 08:15:00,145.4619,146.5764,145.4618,145.8797,30719.0
2021-02-08 08:00:00,145.7803,145.8798,145.7803,145.8698,2581.0
2021-02-08 07:45:00,145.8798,145.8798,145.7803,145.8698,2793.0
2021-02-08 07:30:00,145.7803,145.9296,145.7803,145.9296,3248.0
2021-02-08 07:15:00,146.6759,146.7157,145.3922,145.7604,22699.0
2021-02-08 06:45:00,146.7754,146.7754,146.7754,146.7754,788.0
2021-02-08 06:30:00,146.8749,146.8749,146.7953,146.7953,601.0
2021-02-08 06:15:00,146.6759,146.6759,146.6759,146.6759,318.0
2021-02-08 06:00:00,146.6759,146.8749,146.6759,146.8749,806.0
2021-02-08 05:45:00,146.9744,146.9744,146.9744,146.9744,3809.0
2021-02-08 05:15:00,146.6759,146.6759,146.6759,146.6759,281.0
2021-02-08 05:00:00,146.656,146.656,146.5764,146.5764,304.0
2021-02-08 04:45:00,146.4072,146.4072,146.2082,146.2082,698.0
2021-02-08 04:30:00,145.5813,145.8798,145.5813,145.8798,1929.0
2021-02-08 04:15:00,146.2778,146.2778,145.3126,145.3126,345.0
